:020000040800F2
:100000000050002031930008FD8A0008058B00088D
:100010000D8B0008158B00081D8B000800000000E8
:10002000000000000000000000000000258B000818
:10003000318B0008000000003D8B0008498B000850
:100040007993000879930008799300087993000860
:100050007993000879930008799300087993000850
:100060007993000879930008799300087993000840
:1000700079930008558B000879930008799300085C
:100080007993000879930008799300087993000820
:100090007993000879930008799300087993000810
:1000A000799300087993000879930008698B000818
:1000B00079930008799300087993000879930008F0
:1000C00079930008799300087993000879930008E0
:1000D00079930008799300087993000879930008D0
:1000E00079930008799300087993000800000000D4
:1000F0000000000000000000000000000000000000
:0C01000000000000000000005FF808F1A3
:10010C0010B5054C237833B9044B13B10448AFF345
:10011C0000800123237010BD60000020000000004F
:10012C0080F0000808B5034B1BB103490348AFF33B
:10013C00008008BD000000006400002080F0000872
:10014C00034613F8012B002AFBD1181A013870470B
:10015C0081F0004102E000BF83F0004330B54FEA6C
:10016C0041044FEA430594EA050F08BF90EA020FD9
:10017C001FBF54EA000C55EA020C7FEA645C7FEA6C
:10018C00655C00F0E2804FEA5454D4EB5555B8BF8F
:10019C006D420CDD2C4480EA020281EA030382EA00
:1001AC00000083EA010180EA020281EA0303362D92
:1001BC0088BF30BD11F0004F4FEA01314FF4801C65
:1001CC004CEA113102D0404261EB410113F0004F77
:1001DC004FEA03334CEA133302D0524263EB43032E
:1001EC0094EA050F00F0A780A4F10104D5F1200ECC
:1001FC000DDB02FA0EFC22FA05F2801841F1000127
:10020C0003FA0EF2801843FA05F359410EE0A5F1FA
:10021C0020050EF1200E012A03FA0EFC28BF4CF02B
:10022C00020C43FA05F3C01851EBE37101F00045E1
:10023C0007D54FF0000EDCF1000C7EEB00006EEBEE
:10024C000101B1F5801F1BD3B1F5001F0CD3490878
:10025C005FEA30004FEA3C0C04F101044FEA4452CF
:10026C0012F5800F80F09A80BCF1004F08BF5FEA56
:10027C00500C50F1000041EB045141EA050130BD36
:10028C005FEA4C0C404141EB0101013C28BFB1F548
:10029C00801FE9D291F0000F04BF01460020B1FA93
:1002AC0081F308BF2033A3F10B03B3F120020CDA66
:1002BC000C3208DD02F1140CC2F10C0201FA0CF044
:1002CC0021FA02F10CE002F11402D8BFC2F1200CA9
:1002DC0001FA02F120FA0CFCDCBF41EA0C0190405F
:1002EC00E41AA2BF01EB0451294330BD6FEA0404A8
:1002FC001F3C1CDA0C340EDC04F11404C4F1200293
:10030C0020FA04F001FA02F340EA030021FA04F3A4
:10031C0045EA030130BDC4F10C04C4F1200220FAFB
:10032C0002F001FA04F340EA0300294630BD21FA39
:10033C0004F0294630BD94F0000F83F4801306BFFF
:10034C0081F480110134013D4EE77FEA645C18BFF3
:10035C007FEA655C29D094EA050F08BF90EA020F8A
:10036C0005D054EA000C04BF1946104630BD91EA82
:10037C00030F1EBF0021002030BD5FEA545C05D185
:10038C004000494128BF41F0004130BD14F58004C4
:10039C003CBF01F5801130BD01F0004545F0FE4138
:1003AC0041F470014FF0000030BD7FEA645C1ABF6D
:1003BC00194610467FEA655C1CBF0B46024650EAA4
:1003CC00013406BF52EA033591EA030F41F40021D0
:1003DC0030BD00BF90F0000F04BF0021704730B556
:1003EC004FF4806404F132044FF000054FF000012B
:1003FC0050E700BF90F0000F04BF0021704730B5EC
:10040C004FF4806404F1320410F0004548BF4042C0
:10041C004FF000013EE700BF42004FEAE2014FEA15
:10042C0031014FEA02701FBF12F07F4393F07F4FF0
:10043C0081F06051704732F07F4208BF704793F0F3
:10044C007F4F04BF41F40021704730B54FF4607406
:10045C0001F0004521F000411CE700BF50EA010209
:10046C0008BF704730B54FF000050AE050EA0102B2
:10047C0008BF704730B511F0004502D5404261EB22
:10048C0041014FF4806404F132045FEA915C3FF463
:10049C00D8AE4FF003025FEADC0C18BF03325FEA00
:1004AC00DC0C18BF033202EBDC02C2F1200300FAB1
:1004BC0003FC20FA02F001FA03FE40EA0E0021FAD6
:1004CC0002F11444BDE600BF70B54FF0FF0C4CF4C4
:1004DC00E06C1CEA11541DBF1CEA135594EA0C0F76
:1004EC0095EA0C0F00F0DEF82C4481EA030621EAB1
:1004FC004C5123EA4C5350EA013518BF52EA0335EC
:10050C0041F4801143F4801338D0A0FB02CE4FF09D
:10051C000005E1FB02E506F00042E0FB03E54FF0CD
:10052C000006E1FB03569CF0000F18BF4EF0010EC5
:10053C00A4F1FF04B6F5007F64F5407404D25FEAC1
:10054C004E0E6D4146EB060642EAC62141EA555174
:10055C004FEAC52040EA5E504FEACE2EB4F1FD0CB6
:10056C0088BFBCF5E06F1ED8BEF1004F08BF5FEA34
:10057C00500E50F1000041EB045170BD06F00046E6
:10058C0046EA010140EA020081EA0301B4EB5C0493
:10059C00C2BFD4EB0C0541EA045170BD41F480118B
:1005AC004FF0000E013C00F3AB8014F1360FDEBFB0
:1005BC00002001F0004170BDC4F10004203C35DA8C
:1005CC000C341BDC04F11404C4F1200500FA05F30F
:1005DC0020FA04F001FA05F240EA020001F00042B0
:1005EC0021F0004110EBD37021FA04F642EB060126
:1005FC005EEA430E08BF20EAD37070BDC4F10C0450
:10060C00C4F1200500FA04F320FA05F001FA04F213
:10061C0040EA020001F0004110EBD37041F10001FF
:10062C005EEA430E08BF20EAD37070BDC4F120050A
:10063C0000FA05F24EEA020E20FA04F301FA05F272
:10064C0043EA020321FA04F001F0004121FA04F21A
:10065C0020EA020000EBD3705EEA430E08BF20EAEA
:10066C00D37070BD94F0000F0FD101F00046400024
:10067C0041EB010111F4801F08BF013CF7D041EAA6
:10068C00060195F0000F18BF704703F000465200AA
:10069C0043EB030313F4801F08BF013DF7D043EA7B
:1006AC000603704794EA0C0F0CEA135518BF95EA31
:1006BC000C0F0CD050EA410618BF52EA4306D1D1B8
:1006CC0081EA030101F000414FF0000070BD50EAD7
:1006DC00410606BF1046194652EA430619D094EA61
:1006EC000C0F02D150EA013613D195EA0C0F05D14B
:1006FC0052EA03361CBF104619460AD181EA03019F
:10070C0001F0004141F0FE4141F470014FF0000056
:10071C0070BD41F0FE4141F4780170BD70B54FF0F1
:10072C00FF0C4CF4E06C1CEA11541DBF1CEA135571
:10073C0094EA0C0F95EA0C0F00F0A7F8A4EB050453
:10074C0081EA030E52EA03354FEA013100F088804A
:10075C004FEA03334FF0805545EA131343EA126313
:10076C004FEA022245EA111545EA10654FEA0026C8
:10077C000EF000419D4208BF964244F1FD0404F581
:10078C00407402D25B084FEA3202B61A65EB0305DD
:10079C005B084FEA32024FF480104FF4002CB6EB9A
:1007AC00020E75EB030E22BFB61A754640EA0C001A
:1007BC005B084FEA3202B6EB020E75EB030E22BF5A
:1007CC00B61A754640EA5C005B084FEA3202B6EB9B
:1007DC00020E75EB030E22BFB61A754640EA9C005A
:1007EC005B084FEA3202B6EB020E75EB030E22BF2A
:1007FC00B61A754640EADC0055EA060E18D04FEAE8
:10080C00051545EA16754FEA06164FEAC30343EA87
:10081C0052734FEAC2025FEA1C1CC0D111F4801F54
:10082C000BD141EA00014FF000004FF0004CB6E74D
:10083C0011F4801F04BF01430020B4F1FD0C88BFEC
:10084C00BCF5E06F3FF6AFAEB5EB030C04BFB6EBF7
:10085C00020C5FEA500C50F1000041EB045170BDEA
:10086C000EF0004E4EEA113114EB5C04C2BFD4EB17
:10087C000C0541EA045170BD41F480114FF0000E9B
:10088C00013C90E645EA060E8DE60CEA135594EA17
:10089C000C0F08BF95EA0C0F3FF43BAF94EA0C0F1A
:1008AC000AD150EA01347FF434AF95EA0C0F7FF48F
:1008BC0025AF104619462CE795EA0C0F06D152EAE3
:1008CC0003353FF4FDAE1046194622E750EA4106C7
:1008DC0018BF52EA43067FF4C5AE50EA41047FF4D8
:1008EC000DAF52EA43057FF4EBAE12E74A0011D28A
:1008FC0012F5001211D20DD56FF47873B3EB62526E
:10090C000ED44FEAC12343F0004343EA505323FA79
:10091C0002F070474FF00000704750EA013002D1EE
:10092C004FF0FF3070474FF00000704780B582B039
:10093C0000AF78600B467B8013463B807B885A1E49
:10094C000A4B1B68DA627B885B089AB2074B1B6800
:10095C009A633B88184608F06DFD044B1B68002217
:10096C009A6300BF0837BD4680BD00BF0807002052
:10097C0080B582B000AF78607B681B7883F0010390
:10098C00DBB2002B06D1A0224FF48E717868FFF7F2
:10099C00CDFF00E000BF0837BD4680BD80B582B0FA
:1009AC0000AF78607B681B7883F00103DBB2002B0F
:1009BC0018D1A0224FF48E717868FFF7B7FF322060
:1009CC0008F038FD3C2240F618317868FFF7AEFF8E
:1009DC00322008F02FFDA02240F28C517868FFF7EE
:1009EC00A5FF00E000BF0837BD4680BD80B483B0D2
:1009FC0000AF78607B689B8B03F00203002B14BF65
:100A0C0001230023DBB218460C37BD4680BC70476F
:100A1C0080B584B000AF78607B68184602F0A0FF08
:100A2C000346FB73FB7B002B1BD07A687B6810336F
:100A3C001946104603F058F80346002B11D07A687B
:100A4C007B6830331946104603F0DCF8034683F01C
:100A5C000103DBB2002B02D0786800F0DEFB01232F
:100A6C0006E0786800F094FC786800F0D6FBFB7B1D
:100A7C0018461037BD4680BD80B483B000AF786097
:100A8C000B46FB70FB78642B01D96423FB707B68ED
:100A9C00FA789A7600BF0C37BD4680BC704780B49C
:100AAC0083B000AF78607B689B8B03F04003002B16
:100ABC0003D07B68B3F8663002E07B68B3F8623031
:100ACC0018460C37BD4680BC704780B483B000AF6D
:100ADC0078607B689B8B03F04003002B03D07B6812
:100AEC00B3F8683002E07B68B3F8643018460C3712
:100AFC00BD4680BC704780B483B000AF78607B6823
:100B0C009B8B03F00103002B02D07B681B8B01E055
:100B1C007B68DB8A18460C37BD4680BC704780B5B5
:100B2C0086B002AF78607B689B8B03F04003002B90
:100B3C0002D07B68663301E07B686233FB607B68C4
:100B4C009B7E1846FB681B881A46FB6802331B8881
:100B5C00009313466422002108F070F803469BB200
:100B6C0018461037BD4680BD80B584B000AF7860A4
:100B7C000B467B807B689B8B03F00103002B28D0FA
:100B8C002A4B1B88FB812A4B1B88BB817868FFF79B
:100B9C002DFF034683F00103DBB2002B0DD0B7F918
:100BAC000E30184608F088F80346FB81B7F90C3074
:100BBC00184608F081F80346BB817B88F989BA890D
:100BCC00184608F061F803467B807B687A881A83A4
:100BDC0027E0184B1B887B81174B1B883B8178685F
:100BEC00FFF704FF034683F00103DBB2002B0DD0AB
:100BFC00B7F90A30184608F05FF803467B81B7F95D
:100C0C000830184608F058F803463B817B887989F0
:100C1C003A89184608F038F803467B807B687A8856
:100C2C00DA8200BF1037BD4680BD00BF42F5000818
:100C3C0044F500083EF5000840F5000880B584B086
:100C4C0000AF78600B467B807B881946786800F093
:100C5C00BBFB0346FB817868FFF7C8FE034683F0B5
:100C6C000103DBB2002B06D0B7F90E30184608F0A2
:100C7C0023F80346FB81FB8918461037BD4680BD1F
:100C8C0090B58DB002AF78600B467B800021786800
:100C9C0000F05CFC0346FB840321786800F056FCF2
:100CAC000346BB840121786800F0E8F803467B8496
:100CBC000121786800F028F903463B847868FFF737
:100CCC0095FE034683F00103DBB2002B1BD0B7F972
:100CDC002630184607F0F0FF0346FB84B7F92430A2
:100CEC00184607F0E9FF0346BB84B7F922301846D3
:100CFC0007F0E2FF03467B84B7F92030184607F073
:100D0C00DBFF03463B847B88798C3A8C184607F0D2
:100D1C00BBFF03467B807B689B8B03F00103002B9E
:100D2C0002D07B683C3301E07B6834333B610023A9
:100D3C00FB833A4B1B88BB837888F98CBA8C3B6954
:100D4C001B881C463B6906331B880093234607F01F
:100D5C004BFF03467B837A8BF98BBB8B0B44D90FF0
:100D6C000B445B109A420CDDBA8BFB8BD31A002B15
:100D7C0000DA03339B105B429AB27B8B13447B8368
:100D8C000AE0BA8BFB8BD31A002B00DA03339B10CF
:100D9C009AB27B8B13447B8300237B7636E07B8B70
:100DAC0019467868FFF74AFF0346FB81FA897B886E
:100DBC009A4201D17B8B2DE0FA897B889A4210D222
:100DCC007B8BFB83FA8BBB8B1344DA0F13445B10C6
:100DDC00FB82FA8A7B8B9A4213D17B8B0133FB8289
:100DEC000FE07B8BBB83FA8BBB8B1344DA0F134462
:100DFC005B10FB82FA8A7B8B9A4202D17B8B013B84
:100E0C00FB82FB8A7B837B7E01337B767B7E132B81
:100E1C00C5D97B8B18462C37BD4690BD3CF50008D8
:100E2C0080B483B000AF78607B689B8B03F00103C8
:100E3C00002B01D0012300E0002318460C37BD46DF
:100E4C0080BC704780B483B000AF78600B46FB70F9
:100E5C007B689B8B23F001039AB27B689A83FB78A7
:100E6C00012B06D17B689B8B43F001039AB27B6804
:100E7C009A8300BF0C37BD4680BC704780B584B0E8
:100E8C0000AF78600B46FB707B689B8B03F0010313
:100E9C00002B02D0194B1B8801E0194B1B88FB81DE
:100EAC00FB7883F00103DBB2002B0AD07868FFF7E4
:100EBC009DFD034683F00103DBB2002B01D001231F
:100ECC0000E00023002B14D0B7F90E30184607F0C1
:100EDC00F3FE0346FB81FA890A4BA3FB0213D908E4
:100EEC000B469B000B445B00D31A9BB2FA89D31AB6
:100EFC00FB81FB8918461037BD4680BD42F50008C2
:100F0C003EF50008CDCCCCCC80B584B000AF786079
:100F1C000B46FB707B689B8B03F00103002B02D00C
:100F2C00194B1B8801E0194B1B88FB81FB7883F064
:100F3C000103DBB2002B0AD07868FFF757FD03469C
:100F4C0083F00103DBB2002B01D0012300E000236E
:100F5C00002B14D0B7F90E30184607F0ADFE03463F
:100F6C00FB81FA890A4BA3FB0213D9080B469B00A1
:100F7C000B445B00D31A9BB2FA89D31AFB81FB8911
:100F8C0018461037BD4680BD44F5000840F50008F2
:100F9C00CDCCCCCC80B485B000AF786039607B68A8
:100FAC009B8B03F00103002B02D07B683C3301E0E8
:100FBC007B683433BB600023FB730CE0FB7B5B0072
:100FCC00BA681A44FB7B5B0039680B4412881A80A0
:100FDC00FB7B0133FB73FB7B032BEFD900BF00BF03
:100FEC001437BD4680BC704780B586B000AFF86042
:100FFC00B9601346FB71FB689B8B03F00103002B5C
:10100C0002D0FB683C3301E0FB6834333B610023C6
:10101C00FB750CE0FB7D5B00BA681A44FB7D5B0042
:10102C0039690B4412881A80FB7D0133FB75FB7DFB
:10103C00032BEFD9FB79002B08D0FA68FB6830330F
:10104C001946104602F0F9FD034600E0012318464C
:10105C001837BD4680BD80B485B000AF786039606C
:10106C000023FB7323E0FB7B5B003A6813441A8874
:10107C00FB7B01335B0039680B441B889A4211D20D
:10108C00FB7B01335B003A6813441B881946FB7BDE
:10109C005B003A6813441B88CB1A7A68B2F860205C
:1010AC00934201DA002306E0FB7B0133FB73FB7BED
:1010BC00022BD8D9012318461437BD4680BC704783
:1010CC0080B584B000AFF860B9601346FB71FB7952
:1010DC00012B06D1BB684A331946F86807F05EF855
:1010EC0005E0BB6844331946F86807F057F8F86810
:1010FC001037BD4680BD80B584B000AF786008461F
:10110C0011461A4603467B800B467B7013463B7098
:10111C007B88DB089BB2DAB27B68DA760023FB7340
:10112C007B78002B03D0FB7B43F00203FB733B78F3
:10113C00002B03D0FB7B43F02003FB733B7E002B87
:10114C0003D0FB7B43F00403FB733B7F002B03D0EA
:10115C00FB7B43F00803FB7397F82030002B03D084
:10116C00FB7B43F01003FB7397F82430002B03D068
:10117C00FB7B43F04003FB7397F82830002B03D024
:10118C00FB7B63F07F03FB73FB7B9AB27B689A83D8
:10119C007B689B8B03F00203002B1AD07B689B8D22
:1011AC0003F00203002B14D17B68DB8A1BB21846B8
:1011BC0007F09CFD03469AB27B68DA827B681B8B36
:1011CC001BB2184607F092FD03469AB27B681A834D
:1011DC001FE07B689B8B03F00203002B19D17B680B
:1011EC009B8D03F00203002B13D07B68DB8A1BB2B0
:1011FC00184607F061FD03469AB27B68DA827B6879
:10120C001B8B1BB2184607F057FD03469AB27B683E
:10121C001A8300BF1037BD4680BD80B485B000AFC7
:10122C0078600023FB7324E0FA7B7B68283233F868
:10123C001220FB7B114689000A44520091B27A6855
:10124C0018335B0013440A469A80FA7B7B682C3275
:10125C0033F81220FB7B114689000A44520091B2EC
:10126C007A681C335B0013440A469A80FB7B01337B
:10127C00FB73FB7B032BD7D97B6840F6B832A3F802
:10128C0044207B684FF4E172A3F846207B684FF44E
:10129C009672A3F848207B684FF49672A3F84A2004
:1012AC007B681422A3F84C207B680022A3F84E2004
:1012BC007B6800221A8600BF1437BD4680BC70477D
:1012CC0080B582B000AF78607B6803F110007B685A
:1012DC002033102219460DF0C1FA0346002B01D120
:1012EC00012315E07A687B6810331946104602F02A
:1012FC0016FC0346002B0AD07B6803F120007B68A8
:10130C001033102219460DF011FB012300E00023CD
:10131C0018460837BD4680BD80B582B000AF7860F6
:10132C0039607B689B8B03F00103002B12D03B6868
:10133C001B689AB27B68A3F84A203B685B689AB238
:10134C007B68A3F84C203B689B689AB27B68A3F837
:10135C004E2011E03B681B689AB27B68A3F84420CE
:10136C003B685B689AB27B68A3F846203B689B6835
:10137C009AB27B68A3F848207A687B6830331946A8
:10138C00104602F05AFC034618460837BD4680BD8D
:10139C0080B483B000AF78607B6800221A617B68F0
:1013AC007D22DA767B68F022DA827B68D2221A837D
:1013BC007B680A229A767B6886229A8300BF0C3758
:1013CC00BD4680BC704700002DE9F04186B002AFED
:1013DC0078600B467B800023FB817B689B8B03F042
:1013EC000103002B02D07B683C3301E07B68343373
:1013FC00BB60BB681B887A889A4212D27C88BB6817
:10140C001B881D460021786800F0A0F80346009365
:10141C0019232A461921204607F010FC0346FB81AC
:10142C0082E0BB6806331B887A889A423AD801233B
:10143C007B7333E07B7B5B00BA6813441B887A8830
:10144C009A4228D27C887B7B03F10043013B5B00F2
:10145C00BA6813441B881D467B7B5B00BA68134437
:10146C001B881E467B7B013BDBB21946786800F07B
:10147C006DF8034698467B7B1946786800F066F851
:10148C0003460093434632462946204607F0D6FBD6
:10149C000346FB8148E07B7B01337B737B7B032B17
:1014AC00C8D941E0BB6802331A88BB6806331B8875
:1014BC009A421DD27C88BB6802331B881D46BB68D0
:1014CC0006331B881E460121786800F03FF803465E
:1014DC0098460321786800F039F803460093434698
:1014EC0032462946204607F07FFB0346FB811BE072
:1014FC007C88BB6802331B881D46134B1B881E4619
:10150C000121786800F022F8034698460321786898
:10151C0000F01CF803460093434632462946204609
:10152C0007F062FB0346FB81B7F90E3040F2E7325D
:10153C000021184607F0A8FB0346FB81FB891846DF
:10154C001037BD46BDE8F0813CF5000880B584B08D
:10155C0000AF78600B46FB700023FB817B689B8B94
:10156C0003F00103002B06D0FA787B682C3233F899
:10157C001230FB8105E0FA787B68283233F81230A0
:10158C00FB817868FFF732FA034683F00103DBB284
:10159C00002B14D0B7F90E30184607F08DFB03461C
:1015AC00FB81FA89084BA3FB0213D9080B469B005D
:1015BC000B445B00D31A9BB2FA89D31AFB81FB89CB
:1015CC0018461037BD4680BDCDCCCCCC80B483B092
:1015DC0000AF78600B46FB707B6808221A707B6842
:1015EC0000225A607B68FA781A707B6800225A6075
:1015FC007B6818460C37BD4680BC704780B483B0FE
:10160C0000AF786039607B681B78DBB21A463B68A8
:10161C0002FB03F31A467B685A6000BF0C37BD46C9
:10162C0080BC704780B582B000AF78600B46FB7011
:10163C007B68FA7811461846FFF7C8FF7B680022D2
:10164C001A727B6800225A727B684FF4C8725A81F6
:10165C007B684FF4FA729A817B6818460837BD464E
:10166C0080BD80B483B000AF78607B6800221A80A4
:10167C007B6800225A807B6800225A607B680A22B1
:10168C009A607B680A22DA607B6800221A617B68A8
:10169C000A225A617B6805229A617B680B229A8325
:1016AC007B6801229A777B6818460C37BD4680BC54
:1016BC007047000080B582B000AF78607B68184638
:1016CC0002F0F6F87B68103300221A605A609A60B8
:1016DC00DA607B68203300221A605A609A60DA6004
:1016EC007B6830332022002118460DF0C7F87B6848
:1016FC000F4A503392E8030083E803007B680D4ADD
:10170C00583392E8030083E803007B686422A3F853
:10171C0060207B68084A6233106818607B68074A4F
:10172C006633106818607B6818460837BD4680BD64
:10173C0098F00008A0F00008A8F00008ACF0000831
:10174C0080B483B000AF78607B68DB7EDB009BB23B
:10175C0018460C37BD4680BC704780B483B000AFD0
:10176C0078607B6818460C37BD4680BC704700001B
:10177C0080B582B000AF78607B68064A1846114687
:10178C00A8231A460DF0D2F87B6818460837BD46D8
:10179C0080BD00BF3CF2000880B483B000AF78601D
:1017AC007B6800221A807B6818460C37BD4680BCCB
:1017BC00704780B483B000AF78600B467B807B6849
:1017CC007A881A8000BF0C37BD4680BC7047000079
:1017DC00F0B583B000AF78607868FFF7BEFF7B6828
:1017EC0004331846FFF7D8FF7B6808331846FFF719
:1017FC00BFFF144A7B681A607B68002283F8B02014
:10180C007B68114AB133106818607B680F4A144624
:10181C0003F1B50C04F1300E654626460FCE286058
:10182C006960AA60EB6010340CF1100C7445F3D1B4
:10183C006246234603CB106051607B6818460C3718
:10184C00BD46F0BDBCF30008E4F20008E8F2000865
:10185C0080B483B000AF7860044A7B681A607B6800
:10186C0018460C37BD4680BC704700BFBCF300085F
:10187C0080B582B000AF78607868FFF7E9FFF0219F
:10188C0078680CF0C1FE7B6818460837BD4680BDF1
:10189C0080B582B000AF78607B6804331846FFF7E0
:1018AC00E0FE044A7B681A607B6818460837BD4620
:1018BC0080BD00BF7CF3000880B483B000AF7860BB
:1018CC00044A7B681A607B6818460C37BD4680BC9E
:1018DC00704700BF7CF3000880B582B000AF786021
:1018EC007868FFF7E9FF242178680CF08DFE7B689F
:1018FC0018460837BD4680BD80B582B000AF786011
:10190C007B681846FFF7C4FF254A7B681A607B6822
:10191C0000229A847B680022DA847B68042283F894
:10192C0028207B68002283F829207B6800225A85B6
:10193C007B682C3308211846FFF748FE7B6834334C
:10194C0008211846FFF742FE7B683C3308211846F5
:10195C00FFF73CFE7B68443308211846FFF736FE40
:10196C007B68002283F84C207B684FF4E162A3F87B
:10197C004E207B684FF44872A3F850207B680522F8
:10198C0083F852207B684FF49672A3F854207B683E
:10199C0044F620629A657B6818460837BD4680BDC0
:1019AC0004F5000880B582B000AF78607B681846FB
:1019BC00FFF76EFF454A7B681A607B68002283F84C
:1019CC0023207B68002283F824207B68002283F884
:1019DC0025207B68012283F826207B68002283F86F
:1019EC0027207B6800221A857B6800225A857B6839
:1019FC0000229A857B6800221A637B6800229A86F3
:101A0C007B6800229A637B68002283F83C207B6809
:101A1C004622DA877B684FF42F72A3F840207B684C
:101A2C000022A3F842207B68443308211846FFF7B4
:101A3C00CDFD7B684C3308211846FFF7C7FD7B684A
:101A4C00543308211846FFF7C1FD7B685C3308212D
:101A5C001846FFF7BBFD7B68643308211846FFF777
:101A6C00B5FD7B68002283F86C207B680022A3F80C
:101A7C006E207B680022A3F870207B68002283F81C
:101A8C0072207B68322283F873207B68502283F8A3
:101A9C0074207B680E4A9A677B684EF66022DA6780
:101AAC007B680D2283F880207B68052283F88120D7
:101ABC007B680122C3F884207B684EF66022C3F851
:101ACC0088207B6818460837BD4680BDCCF30008DB
:101ADC00407E050080B483B000AF78600B46FB708D
:101AEC007B68FA7883F83C2000BF0C37BD4680BC7D
:101AFC00704780B483B000AF78607B6800221A8096
:101B0C007B6800225A807B6818460C37BD4680BC27
:101B1C00704780B582B000AF78607A687B6802331A
:101B2C00194610460CF0DEFC034618460837BD4635
:101B3C0080BD80B483B000AF78607B68B3F90030AF
:101B4C0018460C37BD4680BC704780B483B000AFDC
:101B5C0078607B6801221A707B6818460C37BD468A
:101B6C0080BC704780B582B000AF7860054A7B6856
:101B7C001A607B681846FFF79FFE7B68184608378B
:101B8C00BD4680BD04F5000880B582B000AF78601A
:101B9C007868FFF7E7FF5C2178680CF035FD7B680F
:101BAC0018460837BD4680BD80B582B000AF78605E
:101BBC00054A7B681A607B681846FFF77DFE7B68D8
:101BCC0018460837BD4680BDCCF3000880B582B0FE
:101BDC0000AF78607868FFF7E7FF8C2178680CF02D
:101BEC0013FD7B6818460837BD4680BD80B582B0B2
:101BFC0000AF78607B681846FFF75CFD7B686C3340
:101C0C001846FFF779FE7B68C8331846FFF7CAFE03
:101C1C007B6803F5AA731846FFF7DAFD7B6803F5BA
:101C2C0011731846FFF765FF7B68102283F8482272
:101C3C007B680022C3F84C227B6803F514730A21DD
:101C4C001846FFF7C3FC7B6803F51673104918465A
:101C5C0002F0CCF97B6803F526731846FFF775FF85
:101C6C007B6803F5277308211846FFF7DBFC7B68BC
:101C7C001E2283F8AC227B683C2283F8AD227B6861
:101C8C00072283F8AE227B6818460837BD4680BD14
:101C9C00C006002080B483B000AF786039600F4A72
:101CAC007B681A607B6800225A607B6800221A816C
:101CBC007B680022DA607B6800221A617B68002254
:101CCC005A617B6800229A617B683A685A607B682B
:101CDC0018460C37BD4680BC704700BF60F3000847
:101CEC0080B483B000AF786000BF0C37BD4680BCB9
:101CFC00704780B483B000AF7860002318460C376F
:101D0C00BD4680BC704780B483B000AF786000BF24
:101D1C000C37BD4680BC704780B483B000AF786090
:101D2C00044A7B681A607B6818460C37BD4680BC39
:101D3C00704700BF60F3000880B582B000AF7860D8
:101D4C007868FFF7E9FF1C2178680CF05DFC7B6874
:101D5C0018460837BD4680BD80B582B000AF7860AC
:101D6C0039607B6839681846FFF794FF0A4A7B682C
:101D7C001A607B680022DA617B68002283F82020DD
:101D8C007B6800225A627B6841F288321A857B6834
:101D9C0018460837BD4680BDD0F4000880B582B027
:101DAC0000AF786039607B6839681846FFF772FFBE
:101DBC000D4A7B681A607B6800221A777B680022C8
:101DCC001A627B6800229A847B680022DA847B6822
:101DDC0032221A857B6840F2DC52DA627B68184644
:101DEC000837BD4680BD00BFB4F4000880B582B092
:101DFC0000AF786039607B6839681846FFF74AFF96
:101E0C000C4A7B681A607B6801221A777B68002277
:101E1C0083F82A207B68002283F82B207B68002221
:101E2C00DA627B6800221A637B6818460837BD4665
:101E3C0080BD00BF7CF4000880B582B000AF786034
:101E4C0039607B6839681846FFF724FF0E4A7B68B7
:101E5C001A607B680022DA617B6800221A627B6858
:101E6C00002283F824207B68002283F825207B68DD
:101E7C00002283F826207B6800221A857B6818468E
:101E8C000837BD4680BD00BF60F4000880B582B045
:101E9C0000AF786039607B6839681846FFF7FAFE46
:101EAC00084A7B681A607B680F221A777B680F22BE
:101EBC005A777B6800229A777B6818460837BD46AC
:101ECC0080BD00BF44F4000880B483B000AF7860DC
:101EDC000B46FB707B68FA789A7700BF0C37BD46CF
:101EEC0080BC704780B582B000AF786039607B6889
:101EFC0039681846FFF7CEFE034A7B681A607B6888
:101F0C0018460837BD4680BD28F4000880B582B05D
:101F1C0000AF786039607B6839681846FFF7BAFE05
:101F2C000B4A7B681A607B6800221A777B68022256
:101F3C00DA837B680A221A847B68C8225A847B68FD
:101F4C00044A5A627B6818460837BD4680BD00BFFC
:101F5C000CF40008905F010080B487B000AF78608B
:101F6C000B46FB701346BB7046237B744623FB75F4
:101F7C000023BB75FB785B08DBB2BA789A420DD9AB
:101F8C00BA78FB789A4201D9FB78BB700023FB75B9
:101F9C004623BB75FA78BB78D31ABB70BB78002B81
:101FAC000FD100237B7507E07B7D7A681344BA7DE3
:101FBC001A707B7D01337B757A7DFB789A42F3D363
:101FCC0044E0FA78BB78B2FBF3F33B74FB78BA7855
:101FDC00B3FBF2F101FB02F29B1AFB733B7C5B0837
:101FEC003B750023FB740023BB742BE0BA7C3B7D58
:101FFC009A4205D2BB7C7A681344BA7D1A701EE0F3
:10200C00BB7C7A681344FA7D1A703A7D3B7C13448E
:10201C003B75FA7CFB7B1344DBB2FB7497F91330F2
:10202C00FA7B5208D2B21A44BB789A4207DB3B7D4A
:10203C0001333B75FA7CBB78D31ADBB2FB74BB7CE7
:10204C000133BB74BA7CFB789A42CFD31C37BD46A4
:10205C0080BC704780B483B000AF0023FB8006E0E7
:10206C00FB88074A0021D154FB880133FB80FB8895
:10207C00EF2BF5D900BF00BF0C37BD4680BC7047B5
:10208C007C00002080B582B000AF304803F0A2F88D
:10209C000346FB712E4A2F492E4803F09EFD2C4A15
:1020AC002C492D4803F099FD2A4A2A492B4803F064
:1020BC0094FD284A27492A4803F08FFD254A2549D3
:1020CC00284803F08AFD224A2249274803F085FD5F
:1020DC00244A2049254803F080FD1E4A1D491C480E
:1020EC0003F07BFD002122480AF000FCF023214A7A
:1020FC0004211F480AF000FA00211F480AF0F6F8E4
:10210C001248FFF71DFB0346BB80BB8819461B48D2
:10211C00FFF74FFBFB79012B08D1194B124A1A60C0
:10212C001E221D21104805F0BAFD03E000210E48C7
:10213C00FFF7CAFE124B1A68114B1B681B681B6811
:10214C001046984700BF0837BD4680BD7C01002073
:10215C004C0500202C04002058040020880400208A
:10216C00BC040020E80400201005002030050020ED
:10217C00300600207C00002078060020D4020020CD
:10218C000000002080B582B000AF07F049F902468C
:10219C00964B1B689A428CBF01230023DBB2002BA9
:1021AC0015D007F03DF903466433904A13600221C1
:1021BC008F4807F0E3FD0346FB70FB78012B01D140
:1021CC00642300E0002319468A4806F0E9F98A4B9B
:1021DC001B68002B08D007F023F90246864B1B68BE
:1021EC009A4201D3012300E00023002B3DD0824B07
:1021FC0000221A608148FFF78CFC03461A46804B7C
:10220C0083F848227E4B93F84832002B1ED107F0FE
:10221C0007F903467A4AC2F84C327948FEF700FEB9
:10222C000346012B0CBF01230023DBB2002B1CD077
:10223C0001217448FFF74EFC7048FFF77AFC034607
:10224C009BB219466F4802F001FB0EE06C48FEF79A
:10225C00E7FD0346012B0CBF01230023DBB2002B4F
:10226C0003D000216748FFF735FC07F0D9F8024688
:10227C00654B1B6803F57A739A428CBF01230023CC
:10228C00DBB2002B03D000216048FFF7B7F95C4BA1
:10229C0093F84832002B1DD05D4B1B685D4A93426E
:1022AC0018D05B4B1B685C4A934213D0584B1B688D
:1022BC005A4A93420ED0564B564A1A600021554842
:1022CC00FFF702FE524B1A68514B1B681B681B68C8
:1022DC00104698474E4B1B68184603F08FFC7860ED
:1022EC007B68002B33D04A4B1B687A689A422ED0FD
:1022FC004348FEF795FD0346012B0CBF0123002339
:10230C00DBB2002B04D000213E4802F0C9FA07E0F2
:10231C000021434806F0D2FD4FF0804300225A635F
:10232C00FFF798FE3A4B1A68394B1B681B68083349
:10233C001B6810469847364A7B681360344B1A6802
:10234C00334B1B681B681B68104698474AE0304BA0
:10235C001A682F4B1B681B6804331B681046984780
:10236C0078602B4B1B687A689A4232D07B68002BC2
:10237C0001D1284B7B602248FEF752FD0346012B0E
:10238C000CBF01230023DBB2002B04D000211D481D
:10239C0002F086FA07E00021214806F08FFD4FF08D
:1023AC00804300225A63FFF755FE194B1A68184BED
:1023BC001B681B6808331B6810469847144A7B68D7
:1023CC001360134B1A68124B1B681B681B68104672
:1023DC009847144800F092FB0346002B02D00520CE
:1023EC0007F028F80837BD4680BD00BF78010020F3
:1023FC00000C01401804002074010020C0030020D0
:10240C007C0100204402002070010020CC0300203D
:10241C000000002010050020E80400204C050020DE
:10242C00E8010020D402002080B582B000AF7860B3
:10243C007B681B68094A93420BD106F0F1FF0346F7
:10244C00074A13607B681B685B6B1946054806F0EE
:10245C0049F800BF0837BD4680BD00BF002C0140C5
:10246C0070010020CC03002080B586B000AF7860EE
:10247C007B681B682F4A934257D106F0D1FF386115
:10248C002D4B1B683A69D31AFB602B4A3B691360CE
:10249C003A69FB681344053B284A13602848FEF749
:1024AC00BFFC0346012B0CBF01230023DBB2002B26
:1024BC001FD00023FB82234806F033F80346322B4F
:1024CC00CCBF01230023DBB2002B04D01E4802F04A
:1024DC00A5FB0346FB82FB8A002B07D0FB8ADBB2F1
:1024EC001A4678211948FFF737FD1FE0FFF7B2FDB8
:1024FC001CE01348FEF794FC0346002B0CBF012391
:10250C000023DBB2002B11D01148FFF712FB03465E
:10251C001946104806F0FAFD03467B814FF08042C5
:10252C007B895363FFF796FD00E000BF1837BD466B
:10253C0080BD00BF002C01406C0100207401002004
:10254C007C010020CC03002044020020F400002079
:10255C00C0030020E801002080B586B000AF786091
:10256C007B681B682F4A934257D106F059FF38619C
:10257C002D4B1B683A69D31AFB602B4A3B691360DD
:10258C003A69FB681344053B284A13602848FEF758
:10259C0047FC0346012B0CBF01230023DBB2002BAD
:1025AC001FD00023FB82234805F0BBFF0346322BD0
:1025BC00CCBF01230023DBB2002B04D01E4802F059
:1025CC002DFB0346FB82FB8A002B07D0FB8ADBB278
:1025DC001A4678211948FFF7BFFC1FE0FFF73AFDB8
:1025EC001CE01348FEF71CFC0346002B0CBF012318
:1025FC000023DBB2002B11D01148FFF79AFA0346E7
:10260C001946104806F082FD03467B814FF080424C
:10261C007B895363FFF71EFD00E000BF1837BD46F2
:10262C0080BD00BF002C01406C0100207401002013
:10263C007C010020CC030020440200207C00002000
:10264C00C0030020E801002080B582B002AF15481D
:10265C00FFF7CCFA13491448FFF77EFB11491348D6
:10266C00FFF79CFB0F491248FFF7C0FB0D491148BF
:10267C00FFF7E2FB0B491048FFF748FC09490F48EC
:10268C00FFF704FC07490E48FFF72CFC0C4B00939A
:10269C00084B074A03490B4803F000FF00BFBD4637
:1026AC0080BD00BF7C0100202C04002058040020B9
:1026BC0088040020BC040020E80400201005002041
:1026CC00300500204C05002080B582B000AF78604A
:1026DC00054A7B681A607B681846FFF71DFB7B6810
:1026EC0018460837BD4680BD98F4000880B582B006
:1026FC0000AF78607868FFF7E7FF382178680BF057
:10270C0083FF7B6818460837BD4680BD80B582B014
:10271C0000AF7860054A7B681A607B681846FFF743
:10272C00FBFA7B6818460837BD4680BD28F40008C4
:10273C0080B582B000AF78607868FFF7E7FF1C21A6
:10274C0078680BF061FF7B6818460837BD4680BD82
:10275C0080B582B000AF7860054A7B681A607B68F0
:10276C001846FFF7D9FA7B6818460837BD4680BD76
:10277C0044F4000880B582B000AF78607868FFF749
:10278C00E7FF202178680BF03FFF7B68184608377D
:10279C00BD4680BD80B582B000AF7860054A7B68CD
:1027AC001A607B681846FFF7B7FA7B68184608373B
:1027BC00BD4680BD0CF4000880B582B000AF7860D7
:1027CC007868FFF7E7FF282178680BF01DFF7B681E
:1027DC0018460837BD4680BD80B582B000AF786022
:1027EC00054A7B681A607B681846FFF795FA7B6888
:1027FC0018460837BD4680BD60F4000880B582B02D
:10280C0000AF78607868FFF7E7FF2C2178680BF051
:10281C00FBFE7B6818460837BD4680BD80B582B08C
:10282C0000AF7860054A7B681A607B681846FFF732
:10283C0073FA7B6818460837BD4680BD7CF40008E7
:10284C0080B582B000AF78607868FFF7E7FF34217D
:10285C0078680BF0D9FE7B6818460837BD4680BDFA
:10286C0080B582B000AF7860054A7B681A607B68DF
:10287C001846FFF751FA7B6818460837BD4680BDED
:10288C00B4F4000880B582B000AF78607868FFF7C8
:10289C00E7FF302178680BF0B7FE7B6818460837E5
:1028AC00BD4680BD80B582B000AF7860054A7B68BC
:1028BC001A607B681846FFF72FFA7B6818460837B2
:1028CC00BD4680BDD0F4000880B582B000AF786002
:1028DC007868FFF7E7FF2C2178680BF095FE7B6892
:1028EC0018460837BD4680BD80B582B000AF786011
:1028FC007B6803F5AA731846FEF7AAFF7B68C833FA
:10290C001846FFF751F97B686C331846FFF72AF924
:10291C007B6818460837BD4680BD000080B500AF07
:10292C000E48FFF7D1FE0E48FFF7F0FE0D48FFF7FB
:10293C000FFF0D48FFF72EFF0C48FFF74DFF0C481B
:10294C00FFF76CFF0B48FFF78BFF0B48FFF7AAFF55
:10295C000A48FFF7C9FF00BF80BD00BF4C0500202F
:10296C003005002010050020E8040020BC040020E5
:10297C0088040020580400202C0400207C01002036
:10298C0080B500AFFFF760FE80BD80B500AFFFF7EC
:10299C00C5FF80BD80B582B000AF78600BF08AFBBC
:1029AC0000BF0837BD4680BD80B582B000AF7860EF
:1029BC000BF0D4FB00BF0837BD4680BD80B582B09C
:1029CC0000AF78600B46FB701346BB70BA78FB788F
:1029DC00114618460BF0F4FB00BF0837BD4680BD0E
:1029EC0080B582B000AF78600B46FB70FB78184660
:1029FC000BF016FC00BF0837BD4680BD80B584B017
:102A0C0000AFF8600B467A60FB72FB7A7968184667
:102A1C000BF02EFC00BF1037BD4680BD80B584B0D6
:102A2C0000AFF8607B600B46FB721346BB72B97A41
:102A3C00FB7A7A6818460BF09FFC00BF1037BD4636
:102A4C0080BD80B582B000AF7860084611461A464A
:102A5C000346FB700B46BB7013467B707A78B978D3
:102A6C00FB7818460BF09DFC00BF0837BD4680BDB7
:102A7C0080B582B000AF78600B46FB70FB781846CF
:102A8C000BF0A6FC00BF0837BD4680BD80B582B0F8
:102A9C0000AF7860396038680BF014FC00BF083761
:102AAC00BD4680BD80B582B000AF78600821034878
:102ABC0009F01CFC00BF0837BD4680BD780600201D
:102ACC0080B582B000AF78600821034809F0B0FCF3
:102ADC0000BF0837BD4680BD7806002080B483B0A7
:102AEC0000AF78607B681A88034B1B681A6400BFC0
:102AFC000C37BD4680BC70477806002080B485B08A
:102B0C0000AF78600423FB737B681B881A462B4B41
:102B1C001B68DB6B9A428CBF01230023DBB2002BBA
:102B2C001CD07B681B881A46244B1B68DB6BD31AA2
:102B3C00042B8CBF01230023DBB2002B07D01F4BCF
:102B4C001B68DA6B1D4B1B680432DA6304E01B4B09
:102B5C001B68DA6B0132DA63012329E07B681B887E
:102B6C001A46164B1B68DB6B9A4234BF01230023B9
:102B7C00DBB2002B1BD0114B1B68DB6B7A68128805
:102B8C009B1A042B8CBF01230023DBB2002B07D034
:102B9C000A4B1B68DA6B094B1B68043ADA6304E0D6
:102BAC00064B1B68DA6B013ADA63012300E0002361
:102BBC0018461437BD4680BC704700BF780600200D
:102BCC0080B584B000AF78607868FFF7E3FE786872
:102BDC00FFF7EAFE7B6804331846FFF771FF7B684A
:102BEC0004331846FFF75EFF7B6804330021184658
:102BFC00FEF7DFFD7B6804331846FFF76FFF0023F9
:102C0C00FB730FE0FB7B0133D9B2FB7B1633DB008C
:102C1C007A68134405331A467868FFF7EFFEFB7B9E
:102C2C000133FB73FB7B062BECD900BF00BF1037C5
:102C3C00BD4680BD80B584B000AF78600B46FB709C
:102C4C007B680833FA781146184605F05FFAF8608D
:102C5C00FB68002B05D0FB68002200217868FFF789
:102C6C00DDFE00BF1037BD4680BD80B588B002AF19
:102C7C00F860B96011461A460B46FB711346BB71DE
:102C8C000021F868FFF7ACFE042300220021F8684D
:102C9C00FFF7D7FEBB68B3F9002007F11001002342
:102CAC0000930323F86800F079FD07F1100319462F
:102CBC00F868FFF7EBFE0121F868FFF7D9FEBB7946
:102CCC00002B01D0432300E046231946F868FFF798
:102CDC00CFFE97F82030002B01D0052300E02023F5
:102CEC0000220F21F868FFF7ACFEBB680433B3F980
:102CFC00002007F11001002300930323F86800F073
:102D0C004DFD07F1100301220021F868FFF786FE44
:102D1C000121F868FFF7ACFE032301220721F868B4
:102D2C00FFF78FFEBB680633B3F90030632B03DD6E
:102D3C00BB68063363221A80BB680633B3F90020E4
:102D4C0007F11001002300930223F86800F026FD20
:102D5C0007F110031946F868FFF798FE2521F8686B
:102D6C00FFF786FEBB680833B3F9002007F11001AA
:102D7C00002300930223F86800F010FD07F1100304
:102D8C0001220D21F868FFF749FE0121F868FFF7D1
:102D9C006FFEFB79012B32D1022300220721F86848
:102DAC00FFF74FFEBB680233B3F90030632B03DD32
:102DBC00BB68023363221A80BB680233B3F900206C
:102DCC0007F11001002300930223F86800F0E6FCE1
:102DDC0007F110031946F868FFF758FE2521F8682B
:102DEC00FFF746FE97F82430002B08D0002209216B
:102DFC00F868FFF7E3FD0121F868FFF7F1FD00BF6C
:102E0C001837BD4680BD80B58CB000AFF8607B60D4
:102E1C000B46FB721346BB720021F868FFF7E0FD0E
:102E2C0007F1140300221A605A609A60DA601A746F
:102E3C00FB6803F10800FA7ABB7A1344DBB2013366
:102E4C00DBB2194605F062F9B86207F114031022DF
:102E5C00B96A18460BF01AFDB86AFDF771F903460A
:102E6C0087F82F307B681B78002B09D097F82F3010
:102E7C005A1C87F82F2030333B443A2203F81C2C81
:102E8C0097F82F3030333B44202203F81C2C97F852
:102E9C002F30013307F11402D01897F82F30C3F1FB
:102EAC000F031A4679680BF0F1FC07F1140318466E
:102EBC00FDF746F9034687F8273097F8273087F84F
:102ECC002E300BE097F82E3030333B44202203F8A1
:102EDC001C2C97F82E30013387F82E3097F82E30B3
:102EEC000F2BEFD907F1140301220021F868FFF72B
:102EFC0095FD97F83830002B0CD097F82F30023313
:102F0C00DBB201221946F868FFF758FD0121F86879
:102F1C00FFF766FD00BF3037BD4680BD80B58AB077
:102F2C0002AFF860084611461A460346FB720B4680
:102F3C003B811346FB80FB6803F10802FB7A2733C5
:102F4C00DBB21946104605F0E1F8F861FB69002286
:102F5C000021F868FFF762FD3D21F868FFF788FD56
:102F6C00B7F9082007F11401002300930423F86833
:102F7C0000F014FC07F114031946F868FFF786FDFE
:102F8C00032300220921F868FFF75BFD97F828302E
:102F9C00632B02D9632387F8283097F828301AB2AC
:102FAC0007F11401002300930223F86800F0F6FBEC
:102FBC0007F114031946F868FFF768FD2521F86836
:102FCC00FFF756FD97F83030002B01D0052300E0B9
:102FDC00202300220F21F868FFF733FD072301227D
:102FEC000021F868FFF72DFD2449F868FFF74EFD26
:102FFC00B7F90630224A934203DA4DF6F103FB800F
:10300C0008E0B7F9063042F20F72934202DD42F249
:10301C000F73FB80B7F9062007F11401002300930E
:10302C000523F86800F0BAFB07F114031946F86899
:10303C00FFF72CFD01220B21F868FFF7BFFC1149AB
:10304C00F868FFF723FDBB8DB3F57A7F02D340F20E
:10305C00E733BB85B7F92C2007F11401002300934B
:10306C000323F86800F09AFB07F114031946F8687B
:10307C00FFF70CFD00BF2037BD4680BD20F30008D4
:10308C00F1D8FFFF24F3000880B58AB002AFF860D6
:10309C00B9601346FB71FB6808331521184605F01F
:1030AC0035F8F861FB6900220021F868FFF7B6FCDF
:1030BC00FB6803F10802FB792733DBB21946104693
:1030CC0005F024F8F861FB6901220021F868FFF78C
:1030DC00A5FC0E49F868FFF7D9FCFB795B00BA68D0
:1030EC0013441B881AB207F1140100230093042324
:1030FC00F86800F053FB07F114031946F868FFF762
:10310C00C5FC00BF2037BD4680BD00BF28F30008BA
:10311C0080B588B002AFF860084611461A460346DF
:10312C007B810B463B811346FB80B7F90A2007F1E4
:10313C001001002300930423F86800F02FFB07F123
:10314C00100300220021F868FFF768FC0121F868E1
:10315C00FFF78EFC97F82030002B01D0432300E0C2
:10316C0046231946F868FFF783FC00220821F8680B
:10317C00FFF724FC5B21F868FFF77AFCB7F906200F
:10318C0007F11001002300930423F86800F006FBFC
:10319C0007F110031946F868FFF778FC5D21F86811
:1031AC00FFF766FC00220F21F868FFF707FC97F881
:1031BC002830002B01D0212300E020231946F86889
:1031CC00FFF756FCB7F9082007F110010023009314
:1031DC000623F86800F0E2FA07F11003012200213F
:1031EC00F868FFF71BFC032301220821F868FFF79E
:1031FC0028FC97F824301AB207F110010023009331
:10320C000323F86800F0CAFA07F110031946F868AE
:10321C00FFF73CFC2521F868FFF72AFC97F82C30C7
:10322C00002B04D001220F21F86800F055FA00BFE2
:10323C001837BD4680BD80B58AB002AFF86008462D
:10324C0011461A460346FB720B463B811346FB8024
:10325C00FB6808332621184604F058FFF861FB6917
:10326C0000220021F868FFF7D9FB2021F868FFF74E
:10327C00FFFBFB6803F10802FB7A012B01D116233B
:10328C0000E017231946104604F040FFF861F96975
:10329C00F868FFF7FBFBB7F9082007F114010023CE
:1032AC0000930323F86800F079FA07F11403012264
:1032BC000021F868FFF7B2FB0121F868FFF7D8FB93
:1032CC0097F82830002B01D0432300E04623194601
:1032DC00F868FFF7CDFBB7F9062007F114010023BE
:1032EC0000930423F86800F059FA01220721F868CA
:1032FC00FFF764FB5B21F868FFF7BAFB07F11403D7
:10330C001946F868FFF7C2FB5D21F868FFF7B0FBC0
:10331C0001220F21F868FFF751FB97F82C30002B96
:10332C0001D02A2300E020231946F868FFF7A0FB00
:10333C0000BF2037BD4680BD80B586B000AF786039
:10334C000B46FB701346BB707B680833262118466E
:10335C0004F0DCFE78617B69002200217868FFF7BD
:10336C005DFB20217868FFF783FB7B6803F1080283
:10337C00FB78012B01D1162300E0172319461046C8
:10338C0004F0C4FE786179697868FFF77FFB7B688D
:10339C0003F10802BB78002B01D01C2300E01B2397
:1033AC001946104604F0B2FE38613869FCF7C8FEC5
:1033BC000346C3F110035B08FB73F97B3B690122E5
:1033CC007868FFF72BFB00BF1837BD4680BD0000A7
:1033DC0080B58AB002AFF8607A601A460B46FB7271
:1033EC001346BB72FB680833FA7A1146184604F090
:1033FC008DFEB861BB6900220021F868FFF70EFB57
:10340C003149F868FFF742FBB869FCF799FE0346AF
:10341C00DBB20233FB75FB6803F10802BB7A03F0E5
:10342C000103002B01D0192300E01A231946104682
:10343C0004F06CFEB861B969F868FFF727FB5D21F1
:10344C00F868FFF715FBB869FCF77AFE0346DAB2A9
:10345C00FB7D1344DBB20133FB750023FB7706E0E5
:10346C002021F868FFF704FBFB7F0133FB77FA7F21
:10347C00FB7DC3F110039A42F2DB0023BB771BE008
:10348C00BB7F5B007A6813441B881AB207F11001EA
:10349C00002300930423F86800F080F9BB7F1A46E0
:1034AC0092001344D9B207F110030122F868FFF718
:1034BC00B5FABB7F0133BB77BB7F022BE0D900BFD2
:1034CC0000BF2037BD4680BD2CF3000880B588B006
:1034DC0002AFF860B96011461A460B46FB711346F1
:1034EC00BB71BB680233B3F90030794A82FB03121B
:1034FC009210DB17D31A1AB207F1100100230093B4
:10350C000323F86800F04AF907F1100300220021A8
:10351C00F868FFF783FABB680233B3F90030002B6D
:10352C000ADABB680233B3F900309BB25B429AB241
:10353C00BB68023312B21A80BB680233B3F90020A5
:10354C00634B83FB02139910D317C91A0B469B00CC
:10355C000B445B00D31A1AB207F11001012300933C
:10356C000223F86800F01AF907F110031946F868FD
:10357C00FFF78CFA0121F868FFF77AFABB6804337D
:10358C00B3F90030524A82FB03129210DB17D31AA4
:10359C001AB207F11001002300930223F86800F01F
:1035AC00FDF807F1100300220821F868FFF736FA3E
:1035BC00BB680433B3F90030002B0ADABB68043360
:1035CC00B3F900309BB25B429AB2BB68043312B2BF
:1035DC001A80BB680433B3F900203D4B83FB021304
:1035EC009910D317C91A0B469B000B445B00D31AD6
:1035FC001AB207F11001012300930223F86800F0BE
:10360C00CDF807F110031946F868FFF73FFA0121CE
:10361C00F868FFF72DFABB79002B04D001220F219B
:10362C00F86800F059F8BB68B3F9002007F11001F5
:10363C00002300930423F86800F0B0F897F82030CA
:10364C00012B01D1022300E0032301220021F868A1
:10365C00FFF7F7F907F1100301220121F868FFF7D2
:10366C00DDF92021F868FFF703FA97F82830002BD2
:10367C0001D02A2300E020231946F868FFF7F8F957
:10368C00BB680633B3F9002007F110010023009347
:10369C000323F86800F082F807F1100301220821D7
:1036AC00F868FFF7BBF90B49F868FFF7EFF997F8E3
:1036BC002430002B01D0052300E0202300220F2111
:1036CC00F868FFF7BEF900BF1837BD4680BD00BFD4
:1036DC006766666630F3000880B582B000AF78602C
:1036EC000B46FB701346BB70BA78FB7819467868AA
:1036FC00FFF764F97B6893F8B0305A1CD1B27A6842
:10370C0082F8B0101A467B68134493F8B13019460E
:10371C007868FFF7ADF97B6893F8B03003F00303DA
:10372C00DAB27B6883F8B02000BF0837BD4680BD95
:10373C0080B584B000AFF860B9607A60BB680022D5
:10374C000021F868FFF76AF97B6801220021F8680C
:10375C00FFF764F900BF1037BD4680BD80B584B05B
:10376C0000AF78600A4BFB60FB6800220021786890
:10377C00FFF754F907497868FFF788F9064B0122DF
:10378C0000217868FFF74AF900BF1037BD4680BDAD
:10379C0034F300083CF3000844F3000880B487B00D
:1037AC0000AFF860B96011461A460B46FB80134611
:1037BC007B710023FB75B7F90630002B08DA002368
:1037CC0087F820300123FB75FB885B429BB2FB80A2
:1037DC007B79013BBB75BB7D0133BA681344002276
:1037EC001A7000237B7532E0B7F906202F4B83FB50
:1037FC0002139910D317C91A0B469B000B445B009C
:10380C00D31A1BB2FB74BB7DBA681344FA7C3032FA
:10381C00D2B21A70B7F90630244A82FB0312921006
:10382C00DB17D31AFB80B7F90630002B06D197F8BB
:10383C00203083F00103DBB2002B0DD1BB7D002BBC
:10384C0002D0BB7D013BBB757B7D01337B757A7DE3
:10385C007B799A42C8D300E000BF97F82030002B48
:10386C0003D0BB682E221A701CE0FB7D002B0AD003
:10387C00BB7D002B02D0BB7D013BBB75BB7DBA6809
:10388C0013442D221A7000233B7507E03B7DBA6868
:10389C00134420221A703B7D01333B753A7DBB7D6E
:1038AC009A42F3D31C37BD4680BC70476766666688
:1038BC0080B485B000AF78607B6800221A707B689A
:1038CC0000225A807B6800229A807B6850229A8161
:1038DC007B684FF48052DA8140237B8110233B813B
:1038EC007B6801221A8100237B730DE07B681B89A6
:1038FC003A899A420CD97B681B895B009AB27B6827
:10390C001A817B7B01337B737B7B0B2BEED900E025
:10391C0000BF0123FB817B681B897A899A4209D3FA
:10392C007B897A6812891344013B7A68128993FB6C
:10393C00F2F3FB817B68FA89DA807B68DA897B6831
:10394C001B89B2FBF3F39AB27B68DB88D31A9AB269
:10395C007B685A817B6818461437BD4680BC70471B
:10396C002DE9F0438BB000AF78606B461E464FF0EC
:10397C00FF337B6200237B840023FB6100237B836A
:10398C0000233B837B689B895B0099B264230222F2
:10399C00544806F0D5FE0346002B14BF0123002328
:1039AC00DBB2002B05D07B6800221A707B681B7879
:1039BC0092E07B6801221A707B6819890B46013BE7
:1039CC003B618BB20022984691464FF000024FF0BB
:1039DC0000034FEAC90343EA58734FEAC8028BB29B
:1039EC0000221C4615464FF000024FF00003EB007E
:1039FC0043EA5473E2000B460733DB08DB00ADEB04
:103A0C00030D6B46FB607B68DB88FB8231E0FB8A35
:103A1C001A46F968786800F045F90346002B21D066
:103A2C00FB68BB600022B968786800F0ADF903460A
:103A3C00002B24D03B8B01333B83BB681B687A6A19
:103A4C009A4204D9BB681B687B62FB8A7B84BB6887
:103A5C001B68FA699A4209D2BB681B68FB61FB8A36
:103A6C007B8303E07B6800221A7009E0FB8A013338
:103A7C00FB827B685B89FA8A9A42C8D300E000BF5C
:103A8C003B8B002B0AD17B68DA887B685A807B6879
:103A9C005A887B689A807B681B781DE07B687A8BE0
:103AAC005A807B685B893A8B9A4210D27B685B8820
:103ABC0001339AB27B689A807B689A887B685B89B1
:103ACC009A4207D37B68DA887B689A8002E07B682D
:103ADC007A8C9A807B681B78B54618462C37BD4685
:103AEC00BDE8F0838405002080B582B000AF78601B
:103AFC0039607B685B881A463968786800F0D2F8C0
:103B0C000346002B06D000223968786800F03CF997
:103B1C00034600E0002318460837BD4680BD2DE95A
:103B2C00F04385B000AF786039606B461E467B6809
:103B3C001B7883F00103DBB2002B01D000235BE088
:103B4C003B681B685A1C3B681A600122396878680C
:103B5C0000F01AF97B6819890B46013BFB608BB2AC
:103B6C000022984691464FF000024FF000034FEAB6
:103B7C00C90343EA58734FEAC8028BB200221C46B1
:103B8C0015464FF000024FF00003EB0043EA54736C
:103B9C00E2000B460733DB08DB00ADEB030D6B4695
:103BAC00BB6010223968B8680AF0C0FE7B689B883D
:103BBC001A46B968786800F0ABF80346002B1AD0A7
:103BCC007B689A887B685A807B689B8801339AB2A1
:103BDC007B689A807B689A887B685B899A422CBF49
:103BEC0001230023DBB2002B03D07B68DA887B68CF
:103BFC009A80012300E00023B54618461437BD46D1
:103C0C00BDE8F08380B584B000AF78603960786827
:103C1C0000F094F90346FB7397F90F30002B07DB88
:103C2C00FB7B1A463968786800F0E6F8012300E05F
:103C3C00002318461037BD4680BD80B584B000AF58
:103C4C0078603960786800F079F90346FB81B7F940
:103C5C000E30012B04D0B7F90E30B3F1FF3F02D177
:103C6C000023FB8101E00123FB813B681B880133AE
:103C7C009AB23B681A8001223968786800F026F9FC
:103C8C00FB89DBB21A463968786800F0E7F803461E
:103C9C00002B01D0012300E0002318461037BD464D
:103CAC0080BD000080B58AB004AFF860B9601346DF
:103CBC00FB80FB685B89FA889A4201D3002320E0E1
:103CCC00FB681B89FA8802FB03F3FB82FB689B8968
:103CDC005B0099B2FB681B89FA8A642002900193FD
:103CEC00BB6800931023094806F0B6FA0346002B74
:103CFC000CBF01230023DBB2002B01D0012300E019
:103D0C00002318461837BD4680BD00BF840500202F
:103D1C0080B58AB004AFF860B9601346FB80FB68CD
:103D2C005B89FA889A4201D3002326E0FB681B8941
:103D3C00FA8802FB03F3FB82FB689B895B0099B258
:103D4C00FB681B89FA8A642002900193BB6800937C
:103D5C0010230C4806F086F90346002B0CBF0123F8
:103D6C000023DBB2002B04D0142005F063FB0123ED
:103D7C0003E0142005F05EFB002318461837BD46FF
:103D8C0080BD00BF8405002080B489B000AFF8600E
:103D9C00B9601346FB717523FB83BB689B887B83DF
:103DAC00BB6800229A80BB687B6100237B770DE0A7
:103DBC00FB8B5B00FB837B7F7A6913441B781A4671
:103DCC00FB8B1344FB837B7F01337B777B7F0F2B38
:103DDC00EED97A8BFB8B9A420CBF01230023FB7428
:103DEC00FB79002B02D0BB68FA8B9A80FB7C1846BF
:103DFC002437BD4680BC704780B58AB004AFF860EC
:103E0C00B9601346FB71FB7903F00103FB71FB797D
:103E1C00002B01D0202300E00023FB82FB689B8950
:103E2C005B0099B2FA8A6423029320230193BB6846
:103E3C0000931023084806F00FFA0346002B0CBF22
:103E4C0001230023DBB2002B01D0012300E000236F
:103E5C0018461837BD4680BD8405002080B58AB051
:103E6C0004AFF860B9601346FB71FB7903F00103F2
:103E7C00FB71FB79002B01D0202300E00023FB8297
:103E8C00FB689B895B0099B2FA8A64230293202316
:103E9C000193BB68009310230B4806F0E3F803462C
:103EAC00002B0CBF01230023DBB2002B04D0142009
:103EBC0005F0C0FA012303E0142005F0BBFA00233F
:103ECC0018461837BD4680BD8405002080B489B0E3
:103EDC0000AFF860B9601346FB717123FB83BB68BC
:103EEC005B887B83BB6800225A80BB687B610023A4
:103EFC007B770DE0FB8B5B00FB837B7F7A69134444
:103F0C001B781A46FB8B1344FB837B7F01337B7737
:103F1C007B7F1F2BEED97A8BFB8B9A420CBF012334
:103F2C000023FB74FB79002B02D0BB68FA8B5A8000
:103F3C00FB7C18462437BD4680BC704780B58EB0DC
:103F4C0000AF786000237B63002387F833300023B5
:103F5C0087F8323029E097F8322007F10C03194624
:103F6C007868FFF749FF0346002B19D007F10C03C3
:103F7C00002219467868FFF7A9FF0346002B0FD0E3
:103F8C0007F10C03FB62FB6A1B881A467B6B93429E
:103F9C0006D2FB6A1B887B6397F8323087F8333084
:103FAC0097F83230013387F8323097F83230012BE2
:103FBC00D1D97B6B002B02D097F9333001E04FF055
:103FCC00FF3318463837BD4680BD80B483B000AF90
:103FDC0078600B46FB707B68FA781A707B6800225D
:103FEC005A6000BF0C37BD4680BC704780B582B0AC
:103FFC0000AF786039607B6808211846FDF7E6FA57
:10400C007B6800221A817B6800225A817B6800221F
:10401C009A817B6800229A737B680022DA737B6832
:10402C0000221A747B6800225A827B6800229A82D2
:10403C007B6800229A757B680022DA757B68002207
:10404C009A617B680022DA617B6800221A627B68C5
:10405C0000225A627B6800221A857B6800225A85EE
:10406C007B680022DA627B68012283F830207B684F
:10407C00642283F831207B68322283F832207B68FB
:10408C00042283F833207B68142283F834207B6865
:10409C0040F2DC52DA867B684FF496721A877B68A2
:1040AC0040F6C4125A877B68322283F83C207B6826
:1040BC0000229A827B6848F201021A817B6847F6DB
:1040CC00FE725A817B680122DA737B6800229A7334
:1040DC007B680122DA737B683A681A627B6818463F
:1040EC000837BD4680BD80B584B000AFF860B960BC
:1040FC001346FB80FB6800229A61FB68BA685A621F
:10410C00FB68FA881A85FB685A8FFB689A81FA68F3
:10411C00FB6893F8333019461046FFF756FF00BF83
:10412C001037BD4680BD80B584B000AFF86008463E
:10413C0011461A4603467B810B463B811346FB8096
:10414C00FB683A891A81FB68FA885A81B7F90A30F8
:10415C001946F86800F0B3F9034683F00103DBB2AB
:10416C00002B06D0FB68B3F908301946F86800F04C
:10417C00A6F9FB683A7E1A74FB681A7CFB68DA7342
:10418C00FB68DB7B3A7F9A4202D9FB683A7F1A7450
:10419C00FB6897F820209A73FB6800225A8500BFB1
:1041AC001037BD4680BD80B586B000AF786005F095
:1041BC0037F938617B68DB6A7A6892F83C201344E3
:1041CC003A699A4203D27B68B3F91430B1E07B6848
:1041DC003A69DA627B681B6A1B685B6AFB810023A5
:1041EC00FB8200237B757B685B8AFA899A4215D91E
:1041FC00FB897A68528A9B1A47F6FE72934207DC57
:10420C0001237B757B685B8AFA89D31AFB821BE0DE
:10421C007B685A8AFB89D31AFB8215E07B685B8A20
:10422C001A46FB89D31A47F6FE72934205DC7B686B
:10423C005A8AFB89D31AFB8206E07B685B8AFA896F
:10424C00D31AFB8201237B75FB8A5B08FB82FB8AFA
:10425C00002B03D17B68B3F914306AE07B68DB7BFD
:10426C003B75FB8A012B09D97B681B7C002B02D088
:10427C007B681B7C01E0FB8ADBB23B75B7F916202F
:10428C007B685A857B6893F830307A7D9A420BD1E3
:10429C007B68B3F914309AB23B7D9BB213449BB24A
:1042AC001AB27B689A8213E07B68B3F914309AB225
:1042BC003B7D9BB2D31A9BB21AB27B689A827B6805
:1042CC00B3F92A309BB25B429BB21AB27B685A8517
:1042DC007B68B3F914207B68B3F90A309A420DDD80
:1042EC007B689B7B002B03D07B68B3F9083002E022
:1042FC007B68B3F90A307A68938214E07B68B3F96F
:10430C0014207B68B3F908309A420CDA7B689B7BEB
:10431C00002B03D07B68B3F90A3002E07B68B3F959
:10432C0008307A6893827B68FA895A827B68B3F981
:10433C00143018461837BD4680BD80B485B000AF28
:10434C0078607B685B8DFB817B6800225A85B7F9AE
:10435C000E3018461437BD4680BC704780B586B009
:10436C0000AF786005F05CF802467B68DB699A4226
:10437C002CBF01230023DBB2002B00F09B8005F047
:10438C004FF802467B6893F834301A447B68DA6144
:10439C000023FB757B685A6A7B681B8D1946104697
:1043AC0005F0ECFC0346002B0CBF01230023DBB211
:1043BC00002B04D07B6893F831305B00FB757B6875
:1043CC00DB7D002B14D07B68FA7D1146184604F077
:1043DC006EF802467B6893F832309A42B4BF0123E0
:1043EC000023DBB2002B17D07B680022DA7513E0B8
:1043FC007B68FA7D1146184604F059F802467B6832
:10440C0093F831309A42CCBF01230023DBB2002B4E
:10441C0002D07B680122DA757B68DB7D002B27D00C
:10442C0004F0FEFF02467B689B69D31AFB607B6835
:10443C009B69002B05D07B689B891A46FB689342CD
:10444C0005D904F0EDFF02467B689A6132E07B6887
:10445C00DB8E1A46FB6893422CD97B689B7D002B24
:10446C0001D0002327E07B6801229A75022322E009
:10447C007B689B69002B03D07B689B7D002B07D04E
:10448C007B6800229A617B6800229A75002312E0F7
:10449C0004F0C6FF02467B689B69D31A3B617B68BC
:1044AC0000229A617B689B891A463B69934201D230
:1044BC00012300E0002318461837BD4680BD80B4A8
:1044CC0083B000AF78600B467B807B68B3F9083013
:1044DC00B7F902209A420BDB7B68B3F90A30B7F9C3
:1044EC0002209A4204DC7B687A889A82012300E0DD
:1044FC00002318460C37BD4680BC704780B483B08F
:10450C0000AF78607B6893F82330022B09D07B686E
:10451C0093F82330012B04D07B6893F82330032BC2
:10452C0001D1012300E0002318460C37BD4680BCA6
:10453C00704780B483B000AF78607B681B8D1846E1
:10454C000C37BD4680BC704780B483B000AF786038
:10455C007B68B3F870309BB218460C37BD4680BCF4
:10456C00704780B483B000AF78607B6893F8733089
:10457C0018460C37BD4680BC704780B483B000AF82
:10458C0078607B6893F82330002B0CBF0123002349
:10459C00DBB218460C37BD4680BC704780B582B084
:1045AC0000AF78607B685433184603F0BAFF0346BB
:1045BC009BB218460837BD4680BD80B582B000AFAF
:1045CC0078607B685C33184603F0ABFF03469BB204
:1045DC0018460837BD4680BD80B582B000AF786004
:1045EC000B467B807B88074A12880021184604F012
:1045FC004BFB03469AB27B681A8500BF0837BD4651
:10460C0080BD00BF3CF5000880B582B000AF78607B
:10461C007B681B6820331B687868984703461846EC
:10462C000837BD4680BD80B582B000AF78607B682E
:10463C00B3F870309AB27B689A8604F0F1FE0246A9
:10464C007B689A6300BF0837BD4680BD80B582B0D9
:10465C0000AF78600B467B8013463B807B68002262
:10466C0083F823207B6800225A857B68002283F81C
:10467C0024207B68002283F86C207B68002283F85E
:10468C0025207A887B68A3F842202C4B1A887B68FB
:10469C00A3F86E20B7F900307A68B2F86E20934216
:1046AC0003DD3A887B68A3F86E200021786800F05F
:1046BC00DFFC7B6803F144027B6893F88130194678
:1046CC001046FFF782FC7B68443300211846FCF748
:1046DC0095FF7B6803F14C027B6893F88130194697
:1046EC001046FFF772FC7B684C3300211846FCF730
:1046FC0085FF7B6803F154027B6893F8813019467F
:10470C001046FFF762FC7B6803F15C027B6893F850
:10471C00813019461046FFF758FC7B6804330022A1
:10472C000D21184603F090FD7B68043300211846D8
:10473C0003F0ADFD00BF0837BD4680BD46F500084F
:10474C0080B586B002AF78600023FB737B6893F86A
:10475C002330032B10D17B6893F8243018467B68E8
:10476C0093F873301A46642300930023002104F05D
:10477C0065FA0346FB7310E07B684433184603F07C
:10478C00D0FE7B6893F874301A46642300930023A0
:10479C00002104F053FA0346FB73FB7B642B01D915
:1047AC006423FB73FB7B18461037BD4680BD0000AD
:1047BC0080B582B000AF7860074B1B685B6B40F232
:1047CC00CF720021184604F05FFA03469BB21846DC
:1047DC000837BD4680BD00BF7806002080B586B086
:1047EC0002AF78607868FFF7E3FF0346FB81FB8933
:1047FC00002B02D17B685B8DFB81F8897B68B3F859
:10480C0040301A46642300930023002104F016FA6A
:10481C000346DBB218461037BD4680BD80B582B06A
:10482C0000AF78600B467B8078887B68B3F84030AB
:10483C001A46002104F028FA0246034B1B685A63FF
:10484C0000BF0837BD4680BD7806002080B584B017
:10485C0000AF78600B467B807B6893F83C30002B74
:10486C0019D07B687A88A3F842207B684C337A880D
:10487C001146184603F01BFEF8607B88FA68D31AC1
:10488C00BB607B6803F15C02BB6803FB03F3194656
:10489C00104603F027FE00BF1037BD4680BD000058
:1048AC0080B582B000AF78600B46FB707B6800224D
:1048BC001A637B6893F82330052B00F2678101A201
:1048CC0052F823F0E9480008C7490008C749000816
:1048DC00154A0008C7490008CB4A00087868FFF75A
:1048EC0067FF0346002B0CBF01230023DBB2002B18
:1048FC000BD0FB78002B00F04B817B68012283F8F6
:10490C0023207B6800229A6342E1FB78002B28D09D
:10491C007B6893F83C30002B1FD00121786800F0A5
:10492C00A7FB7B68B3F842207B681B8D9A420CD2A4
:10493C007B68B3F84230C8337A68128D934204DA3C
:10494C007B68012283F8232003E07B68022283F832
:10495C0023207B6800229A631AE1786800F06AFBD6
:10496C0016E17B6893F83C30002B00F011817B68DA
:10497C00B3F870309AB27B68B3F86E309A4234BF99
:10498C0001230023DBB2002B03D0786800F052FB2C
:10499C00FEE07B68052283F8232004F041FD0246EB
:1049AC007B689B6F1A447B681A637B68002283F8D0
:1049BC0026207868FFF737FEEAE0FB7883F00103E6
:1049CC00DBB2002B00F0E6807B68052283F8232005
:1049DC0004F026FD02467B689B6F1A447B681A63C1
:1049EC007B68002283F826207868FFF71CFE7B6822
:1049FC0093F82730002B00F0CD807B68B3F8402073
:104A0C006F4B1B685A63C5E07868FFF7D1FE03460D
:104A1C00002B14BF01230023DBB2002B45D0FB7805
:104A2C00002B07D07B68022283F823207B680022AE
:104A3C009A63B1E07B6893F83C30002B31D07B68F3
:104A4C00B3F870309AB27B68B3F86E309A4234BFC8
:104A5C0001230023DBB2002B03D0786800F0EAFAC4
:104A6C009AE07B68052283F8232004F0D9FC0246E7
:104A7C007B689B6F1A447B681A637B68002283F8FF
:104A8C0026207868FFF7CFFD7B6893F82730002B42
:104A9C0000F082807B68B3F84020494B1B685A6356
:104AAC007AE0786800F0C6FA76E0FB7883F00103D0
:104ABC00DBB2002B70D0786800F0BCFA6CE0786840
:104ACC00FFF776FE0346002B14BF01230023DBB255
:104ADC00002B4FD0FB78002B28D07B6893F83C3010
:104AEC00002B1FD00121786800F0C2FA7B68B3F864
:104AFC0042207B681B8D9A420CD27B68B3F8423003
:104B0C00C8337A68128D934204DA7B68012283F8E9
:104B1C00232003E07B68022283F823207B68002299
:104B2C009A633BE0786800F085FA37E07B6893F88D
:104B3C003C30002B1AD07B68B3F870309AB27B688B
:104B4C00B3F86E309A4234BF01230023DBB2002B42
:104B5C0024D004F065FC02467B68DB6F1A447B684A
:104B6C001A637B68012283F8262017E0786800F02E
:104B7C0061FA13E0FB78002B10D00121786800F06B
:104B8C0077FA7B68012283F8232007E000BF06E058
:104B9C0000BF04E000BF02E000BF00E000BF7B6884
:104BAC00443300211846FCF729FD7B68543300215F
:104BBC001846FCF723FD00BF0837BD4680BD00BF7B
:104BCC007806002080B582B000AF78600B467B8001
:104BDC007B88002B07D17B681B6810331B68002176
:104BEC007868984717E07B6893F874301A467B888E
:104BFC00934203D97B6893F874307B807B680322E3
:104C0C0083F823200121786800F032FA7B88DAB22D
:104C1C007B6883F824200837BD4680BD90B589B0E9
:104C2C0002AF78607B684C33184603F07AFC03467D
:104C3C009AB27B68A3F87020984B1B8863337A6810
:104C4C00B2F84220934209DB7B68B3F842301A4633
:104C5C007B681B8D03F5C8739A4208DD7B6893F85B
:104C6C002330022B03D17B68012283F825200023FB
:104C7C007B617B6893F82330052B00F2968101A2AF
:104C8C0052F823F0B74F0008A94C0008D74C000885
:104C9C00AB4D0008E94D0008534E00087B6893F8B3
:104CAC006C3083F00103DBB2002B0ED07B6893F8E1
:104CBC003C30002B09D00121786800F0D9F97B68D1
:104CCC0004330021184603F0E2FA7B685A8D744BCA
:104CDC001B685A637B6893F82530002B13D07B68D4
:104CEC00B3F842301A467B681B8D023B9A4280F225
:104CFC005E817B68002283F825207B6804330021C9
:104D0C00184603F0C4FA7B6893F82330012B0AD1C0
:104D1C007B68B3F842207B681B8D9A4203D37B6877
:104D2C00022283F823207B6893F86C30002B00F070
:104D3C0040817B6893F87230DBB2002B14BF0123E7
:104D4C000023DBB2002B13D07B6893F87230DBB2FC
:104D5C00013BDAB27B6883F872207B6893F872307F
:104D6C00DBB203F00703DAB27B6883F8722020E130
:104D7C007B68181D7B681B8D19B27B68B3F84230B9
:104D8C001BB21A4603F0CBFA78617B6893F8743047
:104D9C001A460021786903F077FF786109E17B6896
:104DAC0093F87230DBB2002B14BF01230023DBB26B
:104DBC00002B09D07B6893F87230DBB2013BDAB27E
:104DCC007B6883F8722003E07B6893F824307B6166
:104DDC007B685A8D324B1B685A63EFE07B68DA8F25
:104DEC002F4B1B685A637B6893F82530002B13D02C
:104DFC007B68B3F842301A467B689B8D023B9A4223
:104E0C0080F2D9807B68002283F825207B680433EC
:104E1C000021184603F03BFA7B68181D7B689B8DBC
:104E2C0019B27B68B3F842301BB21A4603F077FA1A
:104E3C0078617B6893F874301A460021786903F026
:104E4C0023FF7861BAE07868FFF7B2FC03461A4694
:104E5C007B68DB8F9A4234BF01230023DBB2002B2B
:104E6C0003D0786800F0E6F8A7E07B6893F83C3054
:104E7C00002B00F083807B68B3F870309AB27B68AB
:104E8C00B3F86E309A4234BF01230023DBB2002BFF
:104E9C0008D0786800F0CEF890E000BF3CF5000830
:104EAC00780600207B68B3F870309AB27B689B8ED2
:104EBC009A4234BF01230023DBB2002B02D0786866
:104ECC00FFF7B1FB7B689B6B002B0CD004F0A8FAAE
:104EDC0001467B689A6B7B68D3F8883013449942FF
:104EEC0001D3012300E00023002B1AD07B6893F838
:104EFC00263083F00103DBB2002B42D07B68012209
:104F0C0083F8262004F08CFA02467B68DB6F1A4487
:104F1C007B681A637B68B3F84020454B1B685A6367
:104F2C002FE07B6893F8273083F00103DBB2002B72
:104F3C0027D07B6893F8263083F00103DBB2002B7B
:104F4C001FD07B68B3F870309BB218467B68B3F8FF
:104F5C006E3019467B681B8D1A467B68B3F840305F
:104F6C001C467B68DB8F0093234603F067FE0346E9
:104F7C007B822F4B1B687A8A5A6302E0786800F0B8
:104F8C0059F87B681B6B002B08D004F049FA0246D9
:104F9C007B681B6B9A4201D3012300E00023002B9A
:104FAC000BD0786800F046F807E000BF06E000BFC1
:104FBC0004E000BF02E000BF00E000BF7868FFF72C
:104FCC00F7FB03461A467B68DB8F9A4207D37B6854
:104FDC0093F83C3083F00103DBB2002B01D00123AA
:104FEC0000E00023002B01D000237B617B6844335D
:104FFC007969184603F076FA7B6844337969184668
:10500C0003F055FAF860FA687B69D31ABB607B68C9
:10501C0003F15402BB6803FB03F31946104603F07B
:10502C0061FA7B699BB218461C37BD4690BD00BF28
:10503C007806002080B582B000AF78607B680022D3
:10504C0083F82320094B1B6800225A6300217868DF
:10505C0000F00EF87B6800221A637B68012283F84B
:10506C00262000BF0837BD4680BD00BF7806002053
:10507C0080B582B000AF78600B46FB70FB78002BDC
:10508C000DD001224FF400610E4804F08EFE7B68B7
:10509C00D3F88430DAB27B6883F8722009E00022FE
:1050AC004FF40061074804F080FE7B68002283F80F
:1050BC0072207B68FA7883F86C2000BF0837BD46F5
:1050CC0080BD00BF0008014080B483B000AF7860A1
:1050DC000B467B8013463B807B687A88DA877B683B
:1050EC003A88A3F8402000BF0C37BD4680BC7047FF
:1050FC0080B483B000AF78600B467B80B7F9023088
:10510C007A68B2F86E20934203DD7A887B68A3F844
:10511C006E2000BF0C37BD4680BC704780B483B096
:10512C0000AF78607B689B8B03F00403002B14BFEB
:10513C0001230023DBB218460C37BD4680BC7047F8
:10514C0080B483B000AF78607B689B8B03F0100356
:10515C00002B14BF01230023DBB218460C37BD46CD
:10516C0080BC704780B483B000AF78600B46FB7096
:10517C007B68FA7883F8272000BF0C37BD4680BCCB
:10518C00704780B483B000AF78607B68B3F90230AD
:10519C0018460C37BD4680BC704780B582B000AF56
:1051AC0078607B681B6A3C21184607F04DFD00BFF8
:1051BC000837BD4680BD80B483B000AF78600B4625
:1051CC00FB707B68FA7883F8302000BF0C37BD4643
:1051DC0080BC704790B58DB000AF78607B6803F5EC
:1051EC0027707B6893F8AE127B6893F8AC321A4642
:1051FC007B6893F8AD3203F0ABF97B6803F5AA73C7
:10520C001846FDF7DDFC7B6803F516731846FFF7AF
:10521C00C4FF7B6803F51673402256491846FEF707
:10522C0062FF7B6803F511731846FCF772FC0346AA
:10523C001A467B6883F848227B6893F84832002B27
:10524C0005D104F0EDF802467B68C3F84C227B686C
:10525C0003F511731846FCF76CFC0346FB857B6861
:10526C0003F511731846FFF78CFF0346BB857B686B
:10527C001846FFF765FF034687F82B307B68C83369
:10528C00B7F92C20B7F92E101846FFF7DFF97B6819
:10529C00C83397F82B2011461846FFF763FF7B683D
:1052AC006C33B7F92E201146184603F0B0FD7B681D
:1052BC001846FBF7ADFB034687F82A30796807F1EF
:1052CC000C0300221846FBF7FBFE7B68703307F1DA
:1052DC000C021146184602F087FF796807F1180393
:1052EC0001221846FBF7ECFE07F1180207F10C033C
:1052FC0007CA83E807007B68CC3307F10C02114620
:10530C00184602F071FF7B681846FBF7C8FB034692
:10531C003B857B681846FBF7D8FB0346FB847B6810
:10532C00C833FA8C398D1846FFF7CEFE7B6803F52F
:10533C0016747B681846FFF7F1FE034619462046A3
:10534C00FFF739FF97F82A30002B0ED07B681846F0
:10535C00FBF766FD034687F8253097F8253019468C
:10536C00786800F009F8002300E001231846343770
:10537C00BD4690BD000C014080B483B000AF786096
:10538C000B46FB70FB78012B04D1074B1B680222E8
:10539C009A6203E0044B1B6863229A6200BF0C37CD
:1053AC00BD4680BC704700BF7806002080B500AFBA
:1053BC0003F0DEFF00F015F800F002FB00F0E2FA5B
:1053CC0000F0B8F800F080F800F092F900F010FA54
:1053DC0000F04CF800F060FAFCF754FEFCF7D2FE3B
:1053EC00FCE780B590B000AF07F11803282200212C
:1053FC00184609F043FA3B1D00221A605A609A6065
:10540C00DA601A610123BB614FF48033FB61002326
:10541C003B620123BB6202237B634FF48033BB638B
:10542C004FF4E013FB6307F11803184605F06AFE0E
:10543C000346002B01D000F031FB0F237B600223CD
:10544C00BB600023FB604FF480633B6100237B61F6
:10545C003B1D0221184606F0D7F80346002B01D05D
:10546C0000F01CFB00BF4037BD4680BD80B500AFCF
:10547C00124B134A1A60114B124A5A600F4B0022FE
:10548C009A600E4B0022DA600C4B4FF480421A618A
:10549C000A4B00225A61094B00229A61074B0022E9
:1054AC00DA61064B00221A62044804F097FC0346AA
:1054BC00002B01D000F0F2FA00BF80BD8405002063
:1054CC0000540040A086010080B500AF174B184A6D
:1054DC001A60164B4FF482725A60144B00229A6079
:1054EC00124B0022DA60114B00221A610F4B002282
:1054FC005A610E4B4FF400729A610C4B2022DA6108
:10550C000A4B00221A62094B00225A62074B0022F6
:10551C009A62064B0A22DA62044806F0EFF9034657
:10552C00002B01D000F0BAFA00BF80BDD8050020D6
:10553C000038004080B59EB000AF07F16803002230
:10554C001A605A609A60DA6007F1540300221A60FC
:10555C005A609A60DA601A6107F14C0300221A60F3
:10556C005A6007F13C0300221A605A609A60DA60B4
:10557C0007F1200300221A605A609A60DA601A61FF
:10558C005A619A613B4620220021184609F076F9AF
:10559C00554B564A1A60544B41F61F425A60524BB7
:1055AC0000229A60504BFF22DA604F4B00221A61A6
:1055BC004D4B00225A614C4B00229A614A4806F02E
:1055CC00EEFD0346002B01D000F068FA4FF4805337
:1055DC00BB6607F168031946434807F011FE034602
:1055EC00002B01D000F05AFA3F4807F027F9034688
:1055FC00002B01D000F052FA3B4806F01FFE034688
:10560C00002B01D000F04AFA04237B655023BB65C4
:10561C000023FB6500237B6607F1540319463248CF
:10562C0007F0B5FE0346002B01D000F037FA00233B
:10563C00FB6400233B6507F14C0319462A4808F02C
:10564C002DFC0346002B01D000F028FA0023FB634D
:10565C0001233B6400237B640723BB6407F13C03F9
:10566C0000221946204807F06DFC0346002B01D0A0
:10567C0000F014FA60233B6200237B620023BB62C0
:10568C000023FB6200233B6300237B630023BB638B
:10569C0007F1200304221946134807F0EFFC0346D8
:1056AC00002B01D000F0FAF900233B6000237B6053
:1056BC000023BB600023FB6000233B614FF40053CD
:1056CC007B610023FB613B461946074808F044FC0C
:1056DC000346002B01D000F0E1F9034803F068F910
:1056EC0000BF7837BD4680BD30060020002C01403D
:1056FC0080B58EB000AF07F1280300221A605A6003
:10570C009A60DA6007F1200300221A605A603B1D90
:10571C0000221A605A609A60DA601A615A619A61C2
:10572C00324B4FF080421A60304B63225A602F4B41
:10573C0000229A602D4B40F2CF72DA602B4B002284
:10574C001A612A4B00229A61284806F028FD03466C
:10575C00002B01D000F0A2F94FF48053BB6207F18B
:10576C0028031946214807F04BFD0346002B01D0B6
:10577C0000F094F91D4806F061FD0346002B01D0A2
:10578C0000F08CF900233B6200237B6207F12003BD
:10579C001946164808F082FB0346002B01D000F096
:1057AC007DF960237B600023BB600023FB6000233A
:1057BC007B613B1D002219460C4807F05FFC034639
:1057CC00002B01D000F06AF93B1D0822194607484E
:1057DC0007F054FC0346002B01D000F05FF903489E
:1057EC0003F0E6F800BF3837BD4680BD78060020D0
:1057FC0080B58CB000AF07F10C03242200211846B1
:10580C0009F03CF83B1D00221A605A60204B214ADB
:10581C001A601F4B00225A601D4B00229A601C4BD1
:10582C004FF6FF72DA601A4B00221A61184B0022F5
:10583C009A610123FB6000233B6101237B61002300
:10584C00BB610023FB6100233B6201237B620023CD
:10585C00BB620023FB6207F10C0319460C4807F0EE
:10586C0051F90346002B01D000F018F900237B609E
:10587C000023BB603B1D1946054808F00FFB03468F
:10588C00002B01D000F00AF900BF3037BD4680BDB7
:10589C00C00600200004004080B58EB000AF07F1B8
:1058AC00280300221A605A609A60DA6007F120031C
:1058BC0000221A605A603B1D00221A605A609A60DE
:1058CC00DA601A615A619A612C4B2D4A1A602B4B83
:1058DC0000225A60294B00229A60284B4FF6FF7227
:1058EC00DA60264B00221A61244B00229A6123486D
:1058FC0006F055FC0346002B01D000F0CFF84FF416
:10590C008053BB6207F1280319461C4807F078FC4A
:10591C000346002B01D000F0C1F8184806F08EFCAD
:10592C000346002B01D000F0B9F800233B620023A2
:10593C007B6207F120031946104808F0AFFA0346C2
:10594C00002B01D000F0AAF860237B600023BB6021
:10595C000023FB6000237B613B1D04221946074892
:10596C0007F08CFB0346002B01D000F097F803489E
:10597C0003F01EF800BF3837BD4680BD0807002075
:10598C000008004080B582B000AF0C4B5B690B4A3D
:10599C0043F001035361094B5B6903F001037B6026
:1059AC007B68002200210D2003F03FFE0D2003F048
:1059BC0058FE00BF0837BD4680BD00BF0010024036
:1059CC0080B588B000AF07F1100300221A605A604E
:1059DC009A60DA602E4B9B692D4A43F02003936149
:1059EC002B4B9B6903F02003FB60FB68284B9B69E6
:1059FC00274A43F004039361254B9B6903F004038E
:105A0C00BB60BB68224B9B69214A43F0080393613E
:105A1C001F4B9B6903F008037B607B68002240F6F8
:105A2C007E011C4804F0C1F901224FF480511A4840
:105A3C0004F0BBF940F67E033B6101237B6100233C
:105A4C00BB610223FB6107F110031946114804F0F6
:105A5C0011F842233B6100237B610023BB6107F1FA
:105A6C00100319460C4804F005F84FF480533B61C1
:105A7C0001237B610023BB610223FB6107F110034F
:105A8C001946054803F0F6FF00BF2037BD4680BD20
:105A9C000010024000080140000C014080B400AF2F
:105AAC0072B600BF00BFFDE780B483B000AF786072
:105ABC007B685B7A18460C37BD4680BC704780B556
:105ACC0082B000AF786039603B6899683B68DA68EF
:105ADC003B681B69786802F042FB78680837BD4662
:105AEC0080BD80B483B000AF78607B689B8B03F083
:105AFC000803002B14BF01230023DBB218460C371C
:105B0C00BD4680BC704780B483B000AF78607B68C2
:105B1C009B8B03F02003002B14BF01230023DBB26B
:105B2C0018460C37BD4680BC704780B483B000AFBC
:105B3C0078607B689B8B03F04003002B14BF012320
:105B4C000023DBB218460C37BD4680BC704780B4CE
:105B5C0083B000AF78607B689B8B03F08003002BD5
:105B6C0014BF01230023DBB218460C37BD4680BCA2
:105B7C00704780B483B000AF78607B689B7E18461A
:105B8C000C37BD4680BC704780B582B000AF7860E2
:105B9C000B467B8078887B68DB8F19467B68B3F873
:105BAC0040301A4603F070F803469AB27B685A8567
:105BBC0000BF0837BD4680BD80B483B000AF7860AD
:105BCC007B6893F82330052B0CBF01230023DBB239
:105BDC0018460C37BD4680BC704780B485B000AF0A
:105BEC00F860B9607A60FB68BA685A61FB687A68D9
:105BFC009A6100BF1437BD4680BC704780B582B037
:105C0C0000AF78607B685B69002B0CD07B68DB682D
:105C1C00002B08D003F004FC02467B68DB689A4238
:105C2C0001D3012300E00023002B02D07B685B69C9
:105C3C0000E07B6818460837BD4680BD80B582B051
:105C4C0000AF78607B681B89002B0CD003F0E8FB5D
:105C5C0002467B681B8919464FF47A7301FB03F3E8
:105C6C001A447B68DA6000BF0837BD4680BD80B43B
:105C7C0083B000AF78600B467B807B687A881A8192
:105C8C0000BF0C37BD4680BC7047B0B58AB004AFBE
:105C9C0078607B685B6800211846FBF7EFF80346D9
:105CAC00FB827B685B6800211846FBF72DF90346E5
:105CBC00BB827B685B681846FAF71DFF03467B8244
:105CCC007B685B681846FFF70CFF0346002B01D07E
:105CDC00052300E001237B747B685B681846FAF7A8
:105CEC001EFF0346FB817B685B6803F51670B7F9F2
:105CFC001210B7F91620B7F914407B7C012B01D197
:105D0C00052300E00A230025029501937B7C009378
:105D1C002346FEF708FA7B685B681846FBF780F8A9
:105D2C000346012B03D17B685B68C83302E07B68B8
:105D3C005B686C337A68D3617B685B681A467B8AD4
:105D4C0019461046FAF79CFF03467B827B68DA699A
:105D5C007B68DB691B6818331B68798A1046984787
:105D6C007B685B68C833FA8911461846FFF70CFF4D
:105D7C007B685B6803F5AA731846FCF715FE7B6815
:105D8C0000225A627B68002283F820207B68002264
:105D9C001A6100BF1837BD46B0BD0000F0B593B016
:105DAC0004AF78607B685B6803F516737B637B6874
:105DBC005B6803F527731846FFF776FE0346002B46
:105DCC0019D07B68DA697B68DB691B680C331B684C
:105DDC0010469847034683F00103DBB2002B3DD0FD
:105DEC007B68DA697B68DB691B6810331B680121EF
:105DFC001046984732E07B6893F8203083F001031B
:105E0C00DBB2002B2AD07B68DA697B68DB691B6804
:105E1C000C331B68104698470346002B1ED07B683A
:105E2C005B6803F1C8047B685B6803F51173184663
:105E3C00FFF7A7F9034619462046FFF759F97B6887
:105E4C00DA697B68DB691B6810331B68002110461C
:105E5C0098477B685B681846FBF732FA786BFEF75D
:105E6C00A2F903467B86786BFEF767FA0346002B94
:105E7C0014BF01230023DBB2002B00F082807B686F
:105E8C005B681846FAF7CCFF0346012B0CBF0123C5
:105E9C000023DBB2002B4BD07B685B6A002B1AD142
:105EAC007B685B681A467B8E19461046FAF7E8FE4B
:105EBC000346BB857B685B68C833BA8D11461846B0
:105ECC00FEF78AFB7B685B681A467B8E1946104688
:105EDC00FAF74AFE52E07B685B68C8331846FFF756
:105EEC006BFE034683F00103DBB2002B46D003F0BC
:105EFC0097FA02467B681B8D1A447B685A627B6852
:105F0C005B681A467B8EDBB219461046FAF7B4FD75
:105F1C007B685B681846FAF702FE0346FB857B68D4
:105F2C005B68C833FA8D11461846FFF72DFE25E045
:105F3C007B68DA697B68DB691B680C331B6810466D
:105F4C0098470346002B11D07B685B681A467B8E02
:105F5C0019461046FAF794FE03463B867B685B684D
:105F6C006C333A8E1146184602F0FEFF7B685B6874
:105F7C001A467B8E19461046FAF7F6FD7B6800220E
:105F8C001A61786BFEF7EAF9034687F82B3097F81D
:105F9C002B30012B75D17B685B681846FAF740FFF4
:105FAC000346012B0CBF01230023DBB2002B2BD0AB
:105FBC007B685B6A002B05D003F032FA02467B68E3
:105FCC005A625AE07B685B681846FFF7D2FD0346BD
:105FDC0087F829307B685B6803F5167097F82930D1
:105FEC0019B2002302930523019301230093642328
:105FFC000022FEF798F803F013FA02467B681B8D1B
:10600C001A447B685A6238E07B685B681846FAF77A
:10601C0007FF0346002B0CBF01230023DBB2002B30
:10602C002BD07B68DA697B68DB691B680C331B68D7
:10603C0010469847034687F82A307B68D8697B68F6
:10604C00DB691B6810331B6897F82A2082F0010269
:10605C00D2B21146984797F82A30002B09D07B68AA
:10606C005B681846FBF72CF97B68002283F820202C
:10607C0003E07B68012283F820207B6800221A61F0
:10608C0006E097F82B30022B02D17B689B69FCE071
:10609C007B685B6A002B08D003F0C2F902467B6870
:1060AC005B6A9A4201D3012300E00023002B40D00D
:1060BC007B6800225A627B685B6800211846FAF7FD
:1060CC00DDFE0346FB847B685B6800211846FAF70B
:1060DC001BFF0346BB847B685B681846FAF70BFD15
:1060EC0003467B847B685B681846FFF7FAFC034623
:1060FC00002B01D0052300E0012387F821307B68B9
:10610C005B6803F51670B7F92210B7F92620B7F9BA
:10611C00244097F82130012B01D1052300E00A23FC
:10612C0000250295019397F8213000932346FDF743
:10613C00FAFF7B681A697B685B68D3F84C329A4229
:10614C0001D37B68A1E003F06BF902467B681A610E
:10615C007B685B6803F51473184602F0E2F903469A
:10616C00FB83FB8B4E2B02D9FB8B682B07D97B68EF
:10617C005B681846FAF754FE0346012B01D0012345
:10618C0000E000237B777B7F83F00103DBB2002BE5
:10619C0009D07B68DA697B68DB691B6810331B6884
:1061AC000021104698477B685B6803F5117318460D
:1061BC00FBF7BFFC03467B837B685B681A467B8BD3
:1061CC0019461046FAF73AFD03463B837B685B6839
:1061DC001846FAF790FC03461BB2BB817B685B68E0
:1061EC00C8331846FEF7FAFA03461BB2FB81B7F91F
:1061FC0018303B827B68DA697B68DB691B6820336B
:10620C001B681046984703461BB27B827B685B6811
:10621C0003F511731846FEF7B4FF034605331D4A08
:10622C0082FB03129210DB17D31A1BB2BB827B6862
:10623C005B6803F5AA747B685B681846FAF7F0FD97
:10624C0003461D467B685B681846FAF7CFFB03468E
:10625C001E467B68DA697B68DB691B680C331B683C
:10626C001046984703461A467B685B6A002B14BF9E
:10627C0001230023DBB207F10C010193009233469A
:10628C002A462046FCF7F1FC7B6818463C37BD4695
:10629C00F0BD00BF6766666680B582B000AF7860FF
:1062AC007B685B6803F5AA7300211846FCF798FB22
:1062BC0000BF0837BD4680BD80B582B000AF7860A6
:1062CC007B685B6803F5AA731846FCF76DFB7B686B
:1062DC005B6803F5AA7325211846FCF7ABFC7B68B9
:1062EC0000221A617B6800221A777B685B6803F5D1
:1062FC0011731846FEF745FF03469BB232339AB230
:10630C007B68DA847B68DA8C054B1B889A4203D253
:10631C00034B1A887B68DA8400BF0837BD4680BD02
:10632C0046F5000880B584B000AF786003F078F8CB
:10633C0002467B685B68D3F84C3203F57A739A4259
:10634C0034BF01230023FB737B685B681846FFF79F
:10635C00FEFB034683F00103DBB2002B02D07B680B
:10636C005B6997E0FB7B002B75D07B681B7F83F010
:10637C000103DBB2002B36D003F052F802467B68E7
:10638C00DB6A1A447B681A627B685B6803F51173DD
:10639C001846FBF7CEFB03469BB207339AB27B68D9
:1063AC009A847B689A8C7B68DB8C9A4202D97B68D6
:1063BC005B696FE07B6801221A777B685B68002160
:1063CC001846FEF7D9FF7B685B6800211846FAF780
:1063DC0039FD7B685B6803F16C027B681B8D194689
:1063EC00104602F05BFE7B681B6A002B08D003F0A2
:1063FC0017F802467B681B6A9A4201D9012300E018
:10640C000023002B27D07B685B686C330021184677
:10641C0002F044FE7B685B6803F511731846FBF7CA
:10642C0088FB03461A467B689B8C9A42B4BF0123B7
:10643C000023DBB2002B0BD07B685B680121184674
:10644C00FEF79AFF7B685B6801211846FAF7FAFCA5
:10645C007B685B691EE002F0E3FF02467B681B6908
:10646C009A4234BF01230023DBB2002B01D07B689E
:10647C0010E002F0D5FF034603F5FA727B681A614F
:10648C007B685B6803F5AA7301220F211846FDF7A0
:10649C0023F97B6818461037BD4680BD80B584B0A3
:1064AC0000AFF860B9607A603B60FB68B968184669
:1064BC00FBF7F0FB234AFB681A60FB687F2283F82A
:1064CC002820FB68012283F82920FB68012283F82D
:1064DC002A20FB68012283F82B20FB68002283F81A
:1064EC002C20FB68002283F82D20FB68002283F807
:1064FC002E20FB68002283F82F20FB68012283F8F2
:10650C003020FB68002283F83120FB68002283F8DE
:10651C003220FB6878229A86FB68052283F83620A5
:10652C00FB68052283F83720FB687A68DA61FB6820
:10653C003A681A62FB68BA695A62FB6818461037E7
:10654C00BD4680BD98F4000880B588B004AF786073
:10655C007B685B68FB60F868FBF7F2F80346DB08C6
:10656C009BB2DAB27B6883F82820F868FFF7CBFA85
:10657C0003461A467B6883F82E20F868FAF736FA39
:10658C0003461A467B6883F82A20F868FEF7C6FD96
:10659C0003461A467B6883F82B20F868FFF7A1FAAC
:1065AC0003461A467B6883F82C20F868FEF7C8FD72
:1065BC0003461A467B6883F82D20F868FFF7B5FA76
:1065CC0003461A467B6883F82F20F868FAF728FCF4
:1065DC000346012B0CBF01230023DAB27B6883F83E
:1065EC002920F868FFF7B3FA03461A467B6883F84C
:1065FC0030207B685B6803F5AE730021184601F010
:10660C0099FD0346FB727B685B6803F516707B682B
:10661C0093F8313019B2FB7A9BB2013B9BB21BB29F
:10662C000122029201220192012200920022FDF726
:10663C007AFD7B685B6803F5AA731846FCF7B4F91E
:10664C007B685B6803F5AA7300211846FCF7F2FA25
:10665C007B68002283F832207B6800221A6100BF1D
:10666C001037BD4680BD0000F0B591B006AF786024
:10667C007B685B6803F5AA733B627B685B6803F518
:10668C0016731846FDF78FFD034687F827307B6895
:10669C005B6803F516731846FDF760FE0346FB773F
:1066AC007B6893F8313097F827209A4227D07B6883
:1066BC0097F8272083F831207B6893F83230052B2C
:1066CC0019D197F82730F9220121184602F0DCFA8B
:1066DC000346DAB27B6883F828207B685B6803F595
:1066EC00AC727B6893F82830DB009BB219461046DD
:1066FC00FBF75FF800E000BF7B6800221A617B6843
:10670C0093F83230002B40F02C81FB7F002B00F0F3
:10671C005A8197F827300D2B00F2548101A252F8C0
:10672C0023F000BF696700087D67000891670008C7
:10673C00A5670008B9670008F56700082568000818
:10674C00CD670008E1670008376900083D6900085B
:10675C004369000849690008396800087B6893F8A8
:10676C00293083F00103DAB27B6883F829202AE10F
:10677C007B6893F82A3083F00103DAB27B6883F8E4
:10678C002A2020E17B6893F82E3083F00103DAB2E3
:10679C007B6883F82E2016E17B6893F82B3083F00E
:1067AC000103DAB27B6883F82B200CE17B6893F849
:1067BC002C3083F00103DAB27B6883F82C2002E1E1
:1067CC007B6893F82D3083F00103DAB27B6883F891
:1067DC002D20F8E07B6893F82F3083F00103DAB2B8
:1067EC007B6883F82F20EEE07B6897F8272083F8EE
:1067FC0032207B685B6803F516707B6893F8283051
:10680C0019B2002302930523019301230093F9236A
:10681C000122FDF788FCD6E07B6893F8303083F0DA
:10682C000103DAB27B6883F83020CCE0386AFCF7DD
:10683C00BBF80021386AFCF7D3F87B685B689E468E
:10684C007B6893F82830DB009DB27B6893F82A6054
:10685C007B6893F82EC07B6893F82B307A6892F89B
:10686C002C20796891F82D10786890F82F007C68AE
:10687C0094F8304004940390029101920093634683
:10688C00324629467046FAF736FC7B6893F8293075
:10689C00002B01D0012300E000237B777B685B6831
:1068AC001A467B7F19461046FAF7CCFA7B685B6870
:1068BC007A7F11461846FEF75FFD7B685B681846C9
:1068CC00FAF7FEFC7B685B6803F516727B6893F83D
:1068DC002B3019461046FEF76EFC7B685B68184639
:1068EC00FAF7DDF803467B837B685B681846FAF79A
:1068FC00ECF803463B837B685B68C8333A8B798B37
:10690C001846FEF7E1FB7B685B6803F1C8027B6805
:10691C0093F82D3019461046FEF724FC7B680022B4
:10692C0083F831207B685B6963E17B68DB6960E13C
:10693C007B681B6A5DE17B685B6A5AE17B685B681C
:10694C001846FAF7FDFE0346FB827B685B6803F58D
:10695C00AC73FA8A11461846FAF72BFF7B685B6911
:10696C0047E1FB7F012B2ED17B6893F8323087F8FF
:10697C0027307B6893F832207B6883F831207B6862
:10698C00002283F832203B6A08330021184601F0BC
:10699C00D1FB0346BB777B685B6803F516707B689D
:1069AC0093F8313019B2BB7F9BB2013B9BB21BB247
:1069BC000122029201220192012200920022FDF793
:1069CC00B2FB00E000BF002387F826307B6893F809
:1069DC0032207B6893F836309A420FD37B6893F859
:1069EC0032207B6893F837309A4207D87B6893F84B
:1069FC00323087F82730012387F82630FB7F002BB5
:106A0C0002D07B6800221A6102F00AFD02467B6804
:106A1C001B699A4234BF01230023DBB2002B01D047
:106A2C007B68E6E002F0FCFC034603F51C531033D4
:106A3C007A68136108237B7500237B7297F82730E3
:106A4C00082B00F2C48001A252F823F07D6A0008E2
:106A5C00AB6A0008BF6A0008ED6A00081B6B0008EF
:106A6C00836B0008AD6B00082F6B00085D6B000892
:106A7C003B6A03F108027B6893F82930002B01D0A4
:106A8C00162300E017231946104601F03FFB014680
:106A9C0007F108030822184607F0F8FE9AE07B6815
:106AAC0093F82A30002B01D0432300E046233B729D
:106ABC0090E03B6A03F108027B6893F82E30002BC0
:106ACC0001D0102300E011231946104601F01EFBE3
:106ADC00014607F108030822184607F0D7FE79E0B3
:106AEC003B6A03F108027B6893F82B30002B01D032
:106AFC00122300E013231946104601F007FB014650
:106B0C0007F108030822184607F0C0FE62E07B6814
:106B1C0093F82C30002B01D0352300E031233B724D
:106B2C0058E03B6A03F108027B6893F82D30002B88
:106B3C0001D0102300E011231946104601F0E6FAAB
:106B4C00014607F108030822184607F09FFE41E0B2
:106B5C007B6893F82F30002B04D032233B72342304
:106B6C007B7203E031233B7232237B727623BB7240
:106B7C000023FB722EE07B6893F8283018466423C0
:106B8C0000930023F922002102F058F803463B75CC
:106B9C003A7D07F108002523184907F03DFE19E05E
:106BAC003B6A03F108027B6893F83030002B01D06C
:106BBC00102300E011231946104601F0A7FA0146F4
:106BCC0007F108030822184607F060FE02E00023D4
:106BDC003B7200BF00233B7407F1080197F8272094
:106BEC0097F8263000930B460021386AFCF70BF916
:106BFC007B6818462C37BD46F0BD00BF50F300082B
:106C0C0080B582B000AF78607B685B6803F5AA73CF
:106C1C0000211846FBF7E4FE00BF0837BD4680BDD7
:106C2C0080B588B004AF78607B685B681846FAF76B
:106C3C00F7F80346012B0CBF01230023DBB2002B1A
:106C4C000ED07B685B681846F9F769FF0346BB8179
:106C5C007B685B68C833BA8911461846FEF794FF07
:106C6C007B6801221A777B68002283F82A207B68D4
:106C7C00002283F82B200023FB7308E0FB7B7A684F
:106C8C001344002283F82620FB7B0133FB73FB7B30
:106C9C00032BF3D97B680022DA627B6800221A612D
:106CAC007B685B6803F516707B681B7F19B2012348
:106CBC000293012301930123009303230022FDF788
:106CCC0032FA7B685B681A467B681E33194610469D
:106CDC00FAF760F97B685B6803F5AA731846FBF753
:106CEC0063FE00BF1037BD4680BD000080B48BB082
:106CFC0000AFF860B9601346FB71BB6806331A88A5
:106D0C00444B1B889A4204D9BB680633414A12880B
:106D1C001A80C823FB61FB79032B75D8FB7987F8A4
:106D2C00273026E097F8273001335B00BA6813440C
:106D3C001B88194697F827305B00BA6813441B88E8
:106D4C00CB1A7B617B69C72B0EDC97F827305B0075
:106D5C00BA6813441A8897F8273001335B00B96876
:106D6C000B44C83292B21A8097F82730013387F857
:106D7C00273097F82730022BD4D9BB6806331A88F2
:106D8C00244B1B889A4204D9BB680633214A1288CB
:106D9C001A80032387F8263032E097F926305B00FF
:106DAC00BA6813441B88194697F9263003F100433F
:106DBC00013B5B00BA6813441B88CB1ABB61BB69EF
:106DCC00C72B17DC97F926305B00BA6813441B8875
:106DDC00C83B3B623B6A002B01DA00233B6297F90C
:106DEC00263003F10043013B5B00BA6813443A6A56
:106DFC0092B21A8097F82630013BDBB287F8263026
:106E0C0097F92630002BC8DC00BF2C37BD4680BC60
:106E1C00704700BF3CF50008B0B592B004AF786085
:106E2C007B685B681846F9F7FBFF0346012B03D11F
:106E3C007B685B68C83302E07B685B686C33FB6221
:106E4C007B685B6803F516731846FDF7ACF90346CF
:106E5C00FB867B685B6803F516731846FDF77EFAB4
:106E6C00034687F82B307B685B6803F5167318466E
:106E7C00FDF763FA03463B85B7F92830002B36D073
:106E8C007B6893F82B30002B2AD0FB6A1B681833D5
:106E9C001B68FA8E1146F86A98477B68002283F8C3
:106EAC002A20B7F92830002B11DA7B681B6B002BDA
:106EBC0006D1FB6A1B6810331B680021F86A9847DF
:106ECC0002F0AEFA034603F5FA727B681A6302F01D
:106EDC00A7FA034603F59C5308337A68D36203E0A0
:106EEC00FB8EDAB27B681A777B6800221A6197F8FE
:106EFC002B30012B40F0CB807B6893F82B30002B90
:106F0C0079D0FB6A1B6810331B680021F86A98471C
:106F1C007B6893F82A30002B4ED07B68002283F8D4
:106F2C002A20FB6A1B681C331B68F86A98470346C7
:106F3C007B847B681B7F87F8213097F821307A6837
:106F4C000C335B0013447A8CDA8097F821307A6822
:106F5C001344012283F82620786800F0E9F9002315
:106F6C0087F8353013E097F8353097F83520796885
:106F7C000C335B000B44D988530038333B440A462E
:106F8C0023F8302C97F83530013387F8353097F8E3
:106F9C003530032BE7D997F8212007F10803194660
:106FAC007868FFF7A3FE7B685B68184607F1080357
:106FBC0000221946FAF718F87B685B6803F5AA7388
:106FCC001846FBF7F1FC7B68002283F82B207B68CA
:106FDC001B7FFB867B685B6803F51670B7F9361070
:106FEC000123029301230193012300930323002225
:106FFC00FDF799F844E07B685B6803F5AA731846C3
:10700C00FBF7D2FC7B68012283F82B20FB8E7A687D
:10701C000C335B001344DB88BB84BB8CFB867B6826
:10702C005B6803F51670B7F924107A4B1B881AB2FB
:10703C00BB8C40F2DC54A34201D9052300E00123B0
:10704C000024029432240194009313466422FDF729
:10705C006AF8FB6A1B6818331B68BA8C1146F86A0D
:10706C009847FB6A1B6810331B680121F86A984724
:10707C0002F0D6F9034603F51C5310337A68D36239
:10708C007B6800221A617B6800221A6350E097F833
:10709C002B30022B4CD1FB6A1B6810331B68002170
:1070AC00F86A98477B685B681A467B681E331946FA
:1070BC001046F9F7D0FF0346002B30D07B685B6895
:1070CC0018467B681E3301221946F9F78DFF7B6841
:1070DC005B6818467B681E3301221946F9F784FF5A
:1070EC00034687F8273097F827301946786800F060
:1070FC004BFA97F82730002B07D07B685B6803F5B9
:10710C0026731846F9F734FC06E07B685B6803F5D8
:10711C0026731846F9F742FC7B689B6903E17B6890
:10712C005B6803F526731846F9F738FC7B68FAE0C0
:10713C007B681A697B685B68D3F84C329A4201D33E
:10714C007B68F0E002F06CF902467B681A617B68A0
:10715C001B6B002B08D002F063F902467B681B6B9B
:10716C009A4201D9012300E00023002B09D07B684F
:10717C0000221A63FB6A1B6810331B680121F86A32
:10718C009847FB6A1B6814331B68F86A98470346D8
:10719C00FB83FB6A1B681C331B68F86A9847034621
:1071AC00BB83FB6A1B6820331B68F86A984703464D
:1071BC00FB76FB6A1B6828331B68F86A9847034602
:1071CC003B837B6893F82B30002B36D0FA8BBB8B30
:1071DC00D31A002BB8BF5B42102B2EDC3B8B132B2E
:1071EC002BD8FB7E002B28D07B6893F82A3083F0B9
:1071FC000103DBB2002B0FD07B68DB6A002B0BD0BA
:10720C0002F00EF902467B68DB6A9A4204D901232C
:10721C0003E000BF3CF500080023002B0DD07B6879
:10722C005B6803F526731846F9F7A2FB7B6801220D
:10723C0083F82A207B680022DA62FB8B7B867B68D2
:10724C0093F82B3083F00103DBB2002B07D07B6863
:10725C001B7F7A680C335B001344DB887B867B686E
:10726C005B681A467B681B7F19461046FAF76EF965
:10727C000346FB827B685B681846F9F7B7FB03464D
:10728C007B757B6893F82B30002B29D0BA8B7B8EC7
:10729C00D31A9BB27B8202F0C3F802467B685B6810
:1072AC00D3F84C3203F57A739A4234BF012300238E
:1072BC007B747B685B6803F5AA707B6893F82A3053
:1072CC00FD8EB7F91240F98A7A7C03920293FB7E09
:1072DC0001937B7D00932B462246FBF719FF21E09F
:1072EC007B685B6803F5AA747B685B681846F9F7E2
:1072FC0097FD034618467B681B7F7A680C335B004E
:10730C001344D9887B681B7F1A467B68134493F817
:10731C002630FA8A01937B7D00930B46014620466A
:10732C00FBF789FF7B6818463837BD46B0BD00BFF8
:10733C002DE9B04390B000AF78600023FB630023CD
:10734C00BB6300237B6300233B630023FB620023AE
:10735C0087F82B3038E07B685B681A4697F82B303F
:10736C0019461046FAF7F2F80346FB8197F82B30D2
:10737C007A680C335B001344DB88BB8197F82B30A5
:10738C007A68134493F82630002B18D0FB89BA89FD
:10739C0002FB03F3FA6B1344FB63FB89BA6B1344D4
:1073AC00BB63BB897A6B13447B63FB89FA8902FB51
:1073BC0003F33A6B13443B63FB6A0133FB6297F8AC
:1073CC002B30013387F82B3097F82B30032BC2D995
:1073DC00FB6A012B01DC0023CFE0F86AF9F70AF80D
:1073EC0004460D46F86BF9F705F802460B462046A5
:1073FC002946F9F769F802460B4690469946B86B50
:10740C00F8F7F8FF04460D46786BF8F7F3FF0246E1
:10741C000B4620462946F9F757F802460B464046DC
:10742C004946F8F799FE02460B46C7E90823F86A65
:10743C00F8F7E0FF04460D46386BF8F7DBFF024621
:10744C000B4620462946F9F73FF802460B46904674
:10745C009946B86BF8F7CEFF04460D46B86BF8F7B3
:10746C00C9FF02460B4620462946F9F72DF802467D
:10747C000B4640464946F8F76FFE02460B46D7E9E5
:10748C000801F9F74BF902460B46C7E90823786B5C
:10749C00F8F7B0FF04460D46B86BF8F7ABFFD7E929
:1074AC000823F9F711F802460B4620462946F8F74F
:1074BC0053FE02460B46C7E90623F86AF8F79AFF13
:1074CC0002460B46D7E90601F9F728F902460B46A6
:1074DC00C7E90623002387F82A303FE097F82A30C3
:1074EC007A68134493F8263083F00103DBB2002B47
:1074FC002FD07B685B681A4697F82A3019461046DD
:10750C00FAF724F803461846F8F764FFD7E908237E
:10751C00F8F7DAFF02460B46D7E90601F8F71EFE2C
:10752C0002460B46C7E90423D7E9040107F070F8BB
:10753C0002460B4697F82A4010461946F9F7D6F939
:10754C00034699B27A6804F10C035B0013440A46B3
:10755C00DA8097F82A30013387F82A3097F82A30E6
:10756C00032BBBD97B689A8C064B1B889A4203D998
:10757C00044B1A887B689A84012318464037BD4611
:10758C00BDE8B0833CF5000890B583B000AF7860DF
:10759C000B46FB707B685B6803F5AA731846FBF718
:1075AC0003FA7B685B6803F5AA747B685B68184612
:1075BC00F9F736FC03461946FB781A462046FBF7CA
:1075CC00BBFE7B685B6803F5AC731846FBF796FA59
:1075DC000346002B02D0052001F02CFF7B685B6872
:1075EC0003F516731846FCF7B9FE0346002B14BFBF
:1075FC0001230023DBB2002B00D1E2E700BF0C37E4
:10760C00BD4690BD80B588B004AF78607B685B6880
:10761C0003F5AA731846FBF7C7F97B685B6803F59B
:10762C00167001230293012301930123009302237B
:10763C0000220021FCF777FD7B685B681846F9F7A0
:10764C005AFA0346FB817B685B681A46FB8919462C
:10765C001046F9F715FB0346FB817B685B681846FF
:10766C00F9F7DEFB0346012B03D17B685B68C8335B
:10767C0002E07B685B686C337A68D3617B68DA699B
:10768C007B68DB691B6818331B68F98910469847BF
:10769C007B6800221A857B6800221A627B680022B4
:1076AC0083F824207B68002283F825207B68002245
:1076BC0083F826207B6800221A6100BF1037BD4674
:1076CC0080BD90B58FB004AF78607B685B6803F5C4
:1076DC0016731846FCF767FD03467B847B685B6872
:1076EC0003F516731846FCF739FE034687F821306C
:1076FC007B685B6803F516731846FCF71EFE0346A1
:10770C00002B14BF0123002387F8203097F820307A
:10771C00002B02D07B6800221A617B6893F825301D
:10772C00002B00F0B68097F82130012B21D17B681B
:10773C00002283F825207B685B6803F516707B6854
:10774C0093F8243019B201230293012301930123EE
:10775C00009302230022FCF7E6FC7B685B6803F5D0
:10776C00AA731846FBF720F97B6800221A617B6824
:10777C0053E197F82130022B23D17B6893F8263004
:10778C0083F00103DAB27B6883F826207B68D86922
:10779C007B68DB691B6810331B687A6892F82620BB
:1077AC00114698477B6893F82630002B06D07B68EF
:1077BC005B6803F5AA731846FBF7F6F87B680022A2
:1077CC001A6197F82030002B0DD07B68DB69181DEF
:1077DC007B6893F824300133DBB27A8C194600F0C5
:1077EC006BFD7B6819E17B681A697B685B68D3F871
:1077FC004C329A4201D37B680FE101F011FE024634
:10780C007B681A617B68DA697B68DB691B681C33EF
:10781C001B681046984703461C467B68DA697B68F0
:10782C00DB691B6814331B68104698470346E31A40
:10783C009BB21AB27B681A857B68DA697B68DB6954
:10784C001B6820331B681046984703467B777B6880
:10785C00DA697B68DB691B6828331B68104698471C
:10786C0003467B837B685B6803F5AA707B6893F89F
:10787C0024107B68B3F928407B6893F826307A8C07
:10788C0002937B8B01937B7F00932346FBF746FB94
:10789C00C2E097F82030002B04D07B8CDAB27B68E6
:1078AC0083F8242097F82130012B59D17B680122D1
:1078BC0083F825207B685B6803F5AA731846FBF7F1
:1078CC0073F87B6800221A617B8CDAB27B6883F8D0
:1078DC0024200023FB837B68DB69181D7B8CDBB2C7
:1078EC000133DBB24FF0FF32194600F0E5FC0346E2
:1078FC00FB83012387F827300A2387F826307B8CFB
:10790C00002B02D07B8C022B05D10A2387F8273061
:10791C00642387F826307B68002283F826207B6856
:10792C00D8697B68DB691B6810331B687A6892F82E
:10793C002620114698477B685B6803F51670B7F9EB
:10794C001E100023029397F82630019397F82730E6
:10795C00009347F230530022FCF7E5FB7B685CE0B8
:10796C0097F82130022B1AD1786800F05AF80346A8
:10797C00002B11D07B68DB691A1D07F10803114637
:10798C001846FEF79CF87B685B681A4607F10803FB
:10799C0019461046F9F7C0FC7B689B693DE0002353
:1079AC0087F8253019E07B68DB69181D97F82530BE
:1079BC000133DBB24FF0FF32194600F07DFC02467A
:1079CC0097F8253092B25B0028333B4423F8142CF3
:1079DC0097F82530013387F8253097F82530022B9E
:1079EC00E1D97B681A697B685B68D3F84C329A42A0
:1079FC0001D37B6811E001F013FD02467B681A612C
:107A0C007B685B6803F5AA707B6893F8242007F108
:107A1C0014031946FBF738FB7B6818462C37BD4618
:107A2C0090BD80B588B004AF78607B685B6803F567
:107A3C001670012302930123019301230093012368
:107A4C0000220021FCF76FFB7B685B6803F5AA73CF
:107A5C001846FAF7A9FF0023FB7315E07B68DB6976
:107A6C00181DFB7B0133DBB24FF0FF32194600F0DF
:107A7C0023FC0246FB7B92B25B0010333B4423F8A1
:107A8C00082CFB7B0133FB73FB7B022BE6D97B6859
:107A9C005B6803F5AA7007F1080200231821FBF7B5
:107AAC0097FC7B685B6803F5AC731846FBF726F80C
:107ABC000346002B02D0052001F0BCFC7B685B6800
:107ACC0003F516731846FCF76EFB0346BB737B6815
:107ADC005B6803F516731846FCF740FC0346002B55
:107AEC0014BF01230023DBB2002B06D0BB7B012B80
:107AFC000CBF01230023DBB219E07B685B6803F544
:107B0C0016731846FCF719FC0346002B14BF01230F
:107B1C000023DBB2002BC4D07B685B6803F5AA7032
:107B2C00BB7B07F108021821FBF752FCB9E718469A
:107B3C001037BD4680BD80B586B004AF78607B68D9
:107B4C005B6803F516700023029301230193012354
:107B5C000093012300220021FCF7E5FA7B685B68A7
:107B6C0003F5AA731846FAF71FFF7B6800221A6107
:107B7C0000BF0837BD4680BD80B584B000AF7860CB
:107B8C007B685B6893F84832002B02D17B685B6999
:107B9C0081E07B689B69002B0BD07B685B6803F5ED
:107BAC0016731846FCF7DAFB0346022B01D10123AE
:107BBC0000E00023002B02D07B689B696BE001F096
:107BCC002FFC02467B681B699A4234BF01230023B9
:107BDC00DBB2002B01D07B685DE001F021FC034699
:107BEC0003F5EA4330337A6813617B689B7F002B83
:107BFC0031D17B681F221A777B685B6893F8483217
:107C0C0003F00103002B03D07B6820225A7722E07B
:107C1C007B685B6893F8483203F00603002B03D0B3
:107C2C007B6821225A7716E07B685B6893F84832B0
:107C3C00082B03D17B6822225A770CE07B685B68A7
:107C4C0093F84832102B03D17B6823225A7702E039
:107C5C007B6824225A777B685B6803F5AE727B687D
:107C6C001B7F1946104600F051FAF8607B685B6880
:107C7C0003F5AE727B685B7F1946104600F046FA3E
:107C8C00B8607B685B6803F5AA73BA68F968184634
:107C9C00FBF74EFD7B6818461037BD4680BD80B49F
:107CAC0083B000AF78600B46FB701346BB707B68EB
:107CBC00FA781A777B68BA785A7700BF0C37BD46CA
:107CCC0080BC704780B586B004AF78607B685B6819
:107CDC0003F51670002302930123019301230093F3
:107CEC00012300220021FCF71EFA7B6814211846A0
:107CFC00FDF7BDFF7B681846FDF7A0FF7B685B684E
:107D0C0003F5AA731846FAF74FFE7B6800221A6136
:107D1C0000BF0837BD4680BD80B584B000AF786029
:107D2C007B685B6803F516731846FCF717FB034674
:107D3C00FB73FB7B012B02D17B685B6923E0FB7B34
:107D4C00022B02D17B689B691DE001F069FB0246A6
:107D5C007B681B699A4234BF01230023DBB2002BE2
:107D6C0001D07B680FE001F05BFB034603F56A432F
:107D7C0060337A6813617B685B6803F5AA731846F5
:107D8C00FBF7ECFC7B6818461037BD4680BD90B500
:107D9C0089B004AF78607B685B681846F8F77FFEA3
:107DAC000346FB817B685B681846F8F78EFE03463A
:107DBC00BB817B685B6803F1C800FA89BB891344FB
:107DCC005B109BB21946FDF7DFFE7B685B681846BB
:107DDC00F9F726F80346012B0CBF01230023DBB275
:107DEC00002B12D07B685B6803F51670B7F90E1088
:107DFC00B7F90E20B7F90C30002402940A24019430
:107E0C0005240094FCF78FF914E07B685B6803F59C
:107E1C0016707B681B8C19B27B681B8C1AB27B6842
:107E2C005B8C1BB2002402940A2401940524009458
:107E3C00FCF779F97B685B6803F5AA731846FAF7C7
:107E4C00B3FD7B6800221A6100BF1437BD4690BD9C
:107E5C0090B58DB004AF78607B685B6803F51673E2
:107E6C00BB6101F0DDFA02467B685B68D3F84C32EB
:107E7C0003F57A739A4234BF01230023FB757B68A8
:107E8C005B681846F8F7CCFF0346BB75B869FCF77E
:107E9C008AF90346BB82B869FCF74FFA0346002BFC
:107EAC0014BF01230023DBB2002B22D07B681B7F85
:107EBC00002B13D0BB7D002B08D17B685B686C3327
:107ECC00BA8A1146184601F0E9F807E07B685B684E
:107EDC00C833BA8A11461846FCF7A0FC7B685B686D
:107EEC00C833BA8A11461846FDF74EFE7B6800224D
:107EFC001A617B685B681846F8F792FF0346012B02
:107F0C000CBF01230023DBB2002B38D07B685B68ED
:107F1C0003F527731846FDF7C7FD0346002B1ED04B
:107F2C007B685B68C8331846FCF7E8FA034683F0B5
:107F3C000103DBB2002B22D07B685B68C833BA8AA2
:107F4C0011461846FDF720FE7B685B6803F1C802FA
:107F5C007B68DB8B19461046FCF734FE0FE07B6820
:107F6C005B68C8331846FCF7C9FA0346002B06D0E9
:107F7C007B685B68C83300211846FCF723FEB869A0
:107F8C00FCF7ECF90346FB74FB7C012B42D17B68BC
:107F9C0000221A617B681B7F83F00103DAB27B68D5
:107FAC001A777B681B7F002B08D0FB7D83F00103C5
:107FBC00DBB2002B02D07B6800221A777B681B7F18
:107FCC00002B14D0BB7D002B08D17B685B686C3315
:107FDC00BA8A1146184601F061F821E07B685B68AB
:107FEC00C833BA8A11461846FCF718FC18E0BB7D5A
:107FFC00002B07D17B685B686C330021184601F0BD
:10800C004DF80DE07B685B68C83300211846FCF71F
:10801C0005FC05E0FB7C022B02D17B689B696FE0C1
:10802C007B681A697B685B68D3F84C329A4201D33F
:10803C007B6865E001F0F4F902467B681A61B7F9D8
:10804C0014303B817B685B6803F511731846F9F7B4
:10805C0070FD03467B817B685B6803F511731846E2
:10806C00FDF78FF80346BB817B685B6803F51473DF
:10807C00184600F056FA03461BB2FB81B7F90E30D6
:10808C009BB205339BB21BB2FB81B7F90E301E4A73
:10809C0082FB03129210DB17D31A1BB2FB81B7F9C8
:1080AC000E304E2B05DDB7F90E30682B01DC0123A9
:1080BC0000E00023BB747B681B7FFB770023BB773E
:1080CC00BB7D012B0AD17B685B68C8331846FCF773
:1080DC0015FA0346FB777B681B7FBB777B685B6875
:1080EC0003F5AA70FC7DBA7C07F10801BB7F0293F3
:1080FC00FB7F0193BB7D00932346FBF7E7F97B687D
:10810C0018462437BD4690BD6766666680B483B05A
:10811C0000AF78600B46FB70FB78292B01D900234C
:10812C0003E0FA787B6853F8223018460C37BD46CA
:10813C0080BC704780B485B000AF78600B46FB7094
:10814C000023FB73FB78002B02D10E23FB7300E0A2
:10815C0000BFFB7B18461437BD4680BC704780B40B
:10816C0085B000AFF860B9607A603B60FB680022B4
:10817C001A60FB6800225A60FB6800229A60FB6858
:10818C00BA681A60FB687A685A60FB683A689A6049
:10819C00FB6818461437BD4680BC704780B483B06A
:1081AC0000AF786039607B6800221A607B6800221F
:1081BC005A607B6800229A603B681B881A467B6871
:1081CC001A603B6802331B881A467B685A603B680E
:1081DC0004331B881A467B689A607B6818460C37F8
:1081EC00BD4680BC7047000080B483B000AF78609F
:1081FC0039603B681A687B689A603B685A687B6890
:10820C00DA603B689A687B681A617B689A681346E7
:10821C009B001A447B685A617B68DB68094A82FBC5
:10822C0003129210DB17D21A7B689A617B689B69E8
:10823C00042B02DC7B6805229A6100BF0C37BD461B
:10824C0080BC70476766666680B483B000AF7860A8
:10825C000B46FB701346BB707B680A229A607B68E6
:10826C000A22DA607B6800221A617B680A225A6152
:10827C007B6805229A61FB781AB27B689A837B68CB
:10828C00BA789A7700BF0C37BD4680BC704780B473
:10829C0083B000AF78600B467B807B6800221A802D
:1082AC00B7F902207B685A807B6800225A6000BFB5
:1082BC000C37BD4680BC704780B485B000AFF86009
:1082CC000B467A60FB72FB7A032B18D0032B1FDC56
:1082DC00012B02D0022B09D01AE07B68002B02DBA9
:1082EC00FB687A689A60FB689B6813E07B68002BDC
:1082FC0002DBFB687A68DA60FB68DB680AE07B68A3
:10830C00002B02DBFB687A681A61FB681B6901E0D1
:10831C0000BF002318461437BD4680BC704780B49C
:10832C008DB000AF78600B467B8013463B807B683A
:10833C009B7F002B48D0B7F9003003F16402B7F9EA
:10834C0002309A4240DA7B68B3F90030002B1AD124
:10835C007B6800225A60B7F90220B7F90030D31AB3
:10836C003B627B685B69B7F90210B7F900208A1A87
:10837C0003FB02F27B689B69396A01FB03F31A4425
:10838C007B685A6073E07B685B697A68B2F902209B
:10839C001146B7F900208A1A02FB03F3FB627B68D3
:1083AC009B69B7F90210B7F900208A1A02FB03F394
:1083BC00BB62FA6ABB6A13447B627B685A687B6A4D
:1083CC001A447B685A6052E07B68B3F90030002B8A
:1083DC001AD17B6800225A60B7F90220B7F9003035
:1083EC00D31AFB607B689B68B7F90210B7F90020C1
:1083FC008A1A03FB02F27B68DB68F96801FB03F362
:10840C001A447B685A6032E07B689B687A68B2F9E0
:10841C0002201146B7F900208A1A02FB03F3FB6114
:10842C007B68DB68B7F90210B7F900208A1A02FBE7
:10843C0003F3BB617B681B697A68B2F900201146B3
:10844C00B7F9002011447A68B2F9022052008A1A56
:10845C0002FB03F37B61FA69BB6913447A69134429
:10846C003B617B685A683B691A447B685A607B683D
:10847C00B3F902207B681A807B683A885A807B6843
:10848C005A687B68B3F91C30013B012101FA03F3F4
:10849C001344BB607B68B3F91C301A46BB681341AC
:1084AC00BB60BB6818463437BD4680BC704780B58E
:1084BC0084B000AF786039607B681B78DBB25B08F6
:1084CC00FB733968786800F00DF87B685A68FB7BA1
:1084DC0013447A681278D2B2B3FBF2F31846103711
:1084EC00BD4680BD80B485B000AF786039607B68D4
:1084FC001B78DBB25B08FB733A687B685968FB7BC3
:10850C000B4479680978C9B2B3FBF1F3D21A7B68D2
:10851C005B681A447B685A6000BF1437BD4680BC48
:10852C00704780B485B000AF78607B681B78DBB295
:10853C005B08FB737B685A68FB7B13447A68127880
:10854C00D2B2B3FBF2F318461437BD4680BC704769
:10855C0080B584B000AFF860084611461A46034651
:10856C00FB720B463B811346FB80FB68FA7A114683
:10857C001846FBF72AFDFA883B899A4201D23B89BF
:10858C00FB80B7F90620FB685A81B7F90820FB6815
:10859C009A81FB6800225A7200BF1037BD4680BD1D
:1085AC0080B584B000AF78600B467B807B68B3F9F4
:1085BC000A309AB27B68B3F90A305B101BB29BB2DB
:1085CC001344FB817B68B3F90C309AB27B68B3F926
:1085DC000C305B101BB29BB2D31ABB817B88B98960
:1085EC00FA89184600F050FB03467B807B687A883A
:1085FC0011461846FFF75BFF03467B817B685B7A6D
:10860C00002B0CD07B897A68B2F90C20934212DAD9
:10861C007B6801221A727B6800225A720BE07B89FC
:10862C007A68B2F90A20934205DD7B6801221A723E
:10863C007B6801225A7200BF1037BD4680BD000016
:10864C0080B485B000AF154B9B69144A43F001030D
:10865C009361124B9B6903F00103BB60BB680F4B2A
:10866C00DB690E4A43F08053D3610C4BDB6903F09A
:10867C0080537B607B680A4B5B68FB60FB6823F074
:10868C00E063FB60FB6843F00073FB60044AFB682B
:10869C00536000BF1437BD4680BC704700100240C9
:1086AC000000014080B58AB000AF786007F1140378
:1086BC0000221A605A609A60DA607B681B681D4A57
:1086CC00934232D11C4B9B691B4A43F008039361C4
:1086DC00194B9B6903F008033B613B694FF44073F2
:1086EC007B611223BB6103233B6207F11403194620
:1086FC00124801F0BFF9124B5B687B627B6A43F056
:10870C00E0637B627B6A43F002037B620C4A7B6A08
:10871C005360094BDB69084A43F40013D361064BE1
:10872C00DB6903F40013FB60FB6800BF2837BD4610
:10873C0080BD00BF0054004000100240000C0140FE
:10874C000000014080B588B000AF786007F11003DD
:10875C0000221A605A609A60DA607B681B681C4AB7
:10876C00934231D11B4BDB691A4A43F48043D361EA
:10877C00184BDB6903F48043FB60FB68154B9B696A
:10878C00144A43F008039361124B9B6903F00803EE
:10879C00BB60BB684FF420433B6102237B61032326
:1087AC00FB6107F1100319460B4801F063F94FF414
:1087BC0080433B6100237B610023BB6107F1100305
:1087CC001946054801F056F900BF2037BD4680BD5B
:1087DC000038004000100240000C014080B58AB007
:1087EC0000AF786007F1180300221A605A609A6093
:1087FC00DA607B681B683F4A934254D13E4B9B69BD
:10880C003D4A43F4006393613B4B9B6903F4006363
:10881C007B617B69384B9B69374A43F00403936156
:10882C00354B9B6903F004033B613B694FF4807348
:10883C00BB610023FB6100233B6207F1180319465F
:10884C002E4801F017F92E4B2E4A1A602C4B102291
:10885C005A602B4B00229A60294B8022DA60284BFD
:10886C004FF480721A61264B00225A61244B20224D
:10887C009A61234B0022DA61214800F00DFF034678
:10888C00002B01D0FDF70AF97B681D4A9A621C4A3D
:10889C007B685362002200211B2000F0C6FE1B20C7
:1088AC0000F0DFFE22E07B681B68B3F1804F0CD137
:1088BC00114BDB69104A43F00103D3610E4BDB69AA
:1088CC0003F00103FB60FB6810E07B681B680E4A39
:1088DC0093420BD1084BDB69074A43F00403D36185
:1088EC00054BDB6903F00403BB60BB6800BF283792
:1088FC00BD4680BD002C0140001002400008014024
:10890C0050070020300002400008004080B58AB0BB
:10891C0000AF786007F1140300221A605A609A6065
:10892C00DA607B681B681E4A934235D11D4BDB69AC
:10893C001C4A43F00203D3611A4BDB6903F00203B8
:10894C003B613B69174B9B69164A43F008039361E3
:10895C00144B9B6903F00803FB60FB6830237B61BD
:10896C000023BB610023FB6107F1140319460E4879
:10897C0001F080F80D4B5B687B627B6A23F44063EB
:10898C007B627B6A43F0E0637B627B6A43F4006347
:10899C007B62064A7B6A536000BF2837BD4680BDA8
:1089AC000004004000100240000C01400000014097
:1089BC0080B58CB000AF786007F11C0300221A6000
:1089CC005A609A60DA607B681B68434A934219D1FB
:1089DC00424B9B69414A43F0040393613F4B9B69B3
:1089EC0003F00403BB61BB694FF40073FB6102230A
:1089FC003B620223BB6207F11C031946384801F0A5
:108A0C0039F865E07B681B68B3F1804F43D1334B79
:108A1C009B69324A43F004039361304B9B6903F02A
:108A2C0004037B617B692D4B9B692C4A43F0080343
:108A3C0093612A4B9B6903F008033B613B6901235B
:108A4C00FB6102233B620223BB6207F11C03194644
:108A5C00234801F00FF84FF48063FB6102233B6263
:108A6C000223BB6207F11C0319461E4801F002F8F1
:108A7C001D4B5B68FB62FB6A23F44073FB62FB6A71
:108A8C0043F0E063FB62FB6A43F40073FB62164A3B
:108A9C00FB6A53601CE07B681B68144A934217D135
:108AAC000E4B9B690D4A43F0080393610B4B9B697A
:108ABC0003F00803FB60FB688023FB6102233B622D
:108ACC000223BB6207F11C031946064800F0D2FFD3
:108ADC0000BF3037BD4680BD002C01400010024065
:108AEC0000080140000C014000000140000800405B
:108AFC0080B400AF00BFFDE780B400AF00BFFDE75E
:108B0C0080B400AF00BFFDE780B400AF00BFFDE74D
:108B1C0080B400AF00BFFDE780B400AF00BFBD461E
:108B2C0080BC704780B400AF00BFBD4680BC7047AE
:108B3C0080B400AF00BFBD4680BC704780B500AFAD
:108B4C0000F05CFC00BF80BD80B500AF024800F0B7
:108B5C005DFE00BF80BD00BF5007002080B500AF98
:108B6C00024804F0FFF800BF80BD00BF30060020B3
:108B7C0080B586B000AF7860144A154BD31A7B6170
:108B8C007B693B61134B1B68002B02D1114B124AC2
:108B9C001A60104B1A687B6813443A699A4207D2E0
:108BAC0005F098FE03460C221A604FF0FF3309E0E3
:108BBC00084B1B68FB60074B1A687B681344054A1B
:108BCC001360FB6818461837BD4680BD0050002066
:108BDC000004000094070020F008002080B400AFCF
:108BEC0000BFBD4680BC704780B487B000AFF86052
:108BFC00B9607A603B60BA687B689A4201D13B6885
:108C0C0017E07A68BB68D31A5B107B61FA68BB68A3
:108C1C00D31A396A3A688A1A03FB02F27B691A443E
:108C2C007968BB68CB1A92FBF3F33A6813443B6147
:108C3C003B6918461C37BD4680BC704780B588B070
:108C4C0002AFF860B9607A603B603B6A00933B68A6
:108C5C007A68B968F868FFF7C7FF78613A683B6AC9
:108C6C009A4206DA3A6A3968786900F00DF80346D8
:108C7C0006E03A68396A786900F006F8034600BFE6
:108C8C0018461837BD4680BD80B485B000AFF8607B
:108C9C00B9607A60FA68BB689A4201DABB6806E090
:108CAC00FA687B689A4201DD7B6800E0FB68184635
:108CBC001437BD4680BC704780B483B000AF034608
:108CCC00FB80B7F906201346DB001344A233064A97
:108CDC0082FB03125210DB17D31A1BB218460C3747
:108CEC00BD4680BC704700BF6766666680B483B0C3
:108CFC0000AF0346FB80B7F906309B3B054A82FB6D
:108D0C0003125210DB17D31A1BB218460C37BD4690
:108D1C0080BC7047398EE33880B483B000AF786084
:108D2C0039607B683A685A6000BF0C37BD4680BC1E
:108D3C00704780B483B000AF78607B6893F82830BC
:108D4C00DBB2022B05D07B6893F82830DBB2012B09
:108D5C0001D1012300E0002318460C37BD4680BC2E
:108D6C00704780B483B000AF78607B689B8C1846EA
:108D7C000C37BD4680BC704780B582B000AF7860C0
:108D8C007B6834331846FFF7CCFB03469BB218467E
:108D9C000837BD4680BD80B582B000AF78607B6877
:108DAC0044331846FFF7BDFB03469BB21846083701
:108DBC00BD4680BD80B582B000AF78607B683C3327
:108DCC001846FFF7AEFB03469BB218460837BD4664
:108DDC0080BD80B483B000AF78607B68B3F850304E
:108DEC0018460C37BD4680BC704780B483B000AFCA
:108DFC0078607B6893F82830DBB2002B0CBF012322
:108E0C000023DBB218460C37BD4680BC704780B5DA
:108E1C0082B000AF78600B467B807B68042283F8BD
:108E2C0028207B680022DA847B68002283F82920C2
:108E3C007B68012283F84C207B6803F12C027B6851
:108E4C0093F8523019461046FBF7BFF87B6803F1D4
:108E5C0034027B6893F8523019461046FBF7B5F88C
:108E6C007B683433B7F9022011461846F8F7C6FB75
:108E7C007B6803F13C027B6893F85230194610462C
:108E8C00FBF7A3F87B6803F144027B6893F852303C
:108E9C0019461046FBF799F87B6804330122092127
:108EAC001846FFF7D1F97B68043300211846FFF709
:108EBC00EEF900BF0837BD4680BD000080B584B018
:108ECC0000AF78600B46FB70FB7883F00103DBB2DC
:108EDC00002B16D07B680022DA847B6893F828304C
:108EEC00DBB2002B14BF01230023DBB2002B29D0F3
:108EFC007B68042283F828201A4B1B6800225A63D3
:108F0C0020E07B68043300211846FFF7C0F97B682A
:108F1C0034331846FFF705FB0346FB817B689B8CBB
:108F2C00FA899A420AD2FB8914337A68928C93425A
:108F3C0004DA7B68012283F8282003E07B68022294
:108F4C0083F828207B682C3300211846F8F756FB51
:108F5C007B683C3300211846F8F750FB00BF1037F4
:108F6C00BD4680BD7806002080B584B000AF786027
:108F7C000B467B807B6893F82830DBB2022B0CBF4E
:108F8C0001230023DBB2002B05D07B6804330021C6
:108F9C001846FFF77CF9104B1B887A889A4202D945
:108FAC000D4B1B887B807B687A889A847B68343372
:108FBC001846FFF7B6FA0346FB81FA897B8814330F
:108FCC009A42CCBF01230023DAB27B6883F82920B4
:108FDC0000BF1037BD4680BD3CF5000880B584B09D
:108FEC0000AF78607B682C331846FFF79AFA03467B
:108FFC00FB817B6893F82830DBB2032B0CBF012379
:10900C000023DBB2002B02D07B68DB8CFB817B68FE
:10901C00B3F84E30FA899A4203D97B68B3F84E30D4
:10902C00FB81FB8918461037BD4680BD80B586B0E4
:10903C0002AF78607B682C331846FFF772FA034650
:10904C00FB817B68B3F84E30BB817B6893F828308A
:10905C00DBB2032B0CBF01230023DBB2002B06D0A9
:10906C007B68DB8CFB817B68B3F85030BB81FB8960
:10907C00BA8900211846FFF707FE0346FB81F889E1
:10908C00BA896423009300230021FFF7D7FD034620
:10909C00DBB218461037BD4680BD000080B582B0EB
:1090AC0000AF78600B467B807B682C330021184620
:1090BC00F8F7A4FA7B683C3300211846F8F79EFABF
:1090CC007B88002B0BD1104B1B6800225A637B68EA
:1090DC000022DA847B68042283F8282011E07B6864
:1090EC00B3F850307A889A4204D97B68B3F8502090
:1090FC007B68DA847B687A88DA847B68032283F85D
:10910C0028200837BD4680BD7806002080B58AB07F
:10911C0000AF786039607B6893F84C30002B09D035
:10912C007B68343339681846F8F768FA7B68002294
:10913C0083F84C203B689AB27B685A857B6803F1B4
:10914C0034027B685B8D9BB219461046FFF7AFF972
:10915C00F8617B685B8D9BB21A46FB699B1ABB61FD
:10916C007B6803F14402BB6903FB03F31946104609
:10917C00FFF7B8F9002387F82730694B1B88633356
:10918C003A689A4215DD7B682C3300211846FFF7AC
:10919C008EF978617B69BB617B6803F13C02BB692A
:1091AC0003FB03F319461046FFF79CF9012387F8DC
:1091BC00273000233B627B6893F82830DBB2013BFD
:1091CC00032B00F2888001A252F823F001920008D0
:1091DC004F920008CD920008E99100087B68B3F823
:1091EC0054301A46FB69934277DA7B68002283F885
:1091FC00282072E07B689B8C13333A689A420BDD13
:10920C007B68022283F828207B681A1D7B689B6D83
:10921C0019461046FFF780FD7B68181D7B689B8CF8
:10922C001BB23A6812B21946FFF779F838627B68BC
:10923C00B3F84E301A460021386AFFF725FD386224
:10924C0052E097F8273083F00103DBB2002B46D0B5
:10925C007B689B8C7B827B689B8C64333A689A42DC
:10926C0003DD7B68012283F829207B6893F8293081
:10927C00DBB2002B10D07B8A0A3B3A689A4230DA78
:10928C007B68002283F829207B6804333A6892B209
:10929C0011461846FEF7FBFF7B680433B7F9121032
:1092AC003A6812B21846FFF73AF838627B68B3F89E
:1092BC004E301A460021386AFFF7E6FC38620EE0A1
:1092CC0097F8273083F00103DBB2002B0BD07B68BF
:1092DC00DB8C3B6207E000BF06E000BF04E000BF90
:1092EC0002E000BF00E000BF7B682C33396A1846EF
:1092FC00FFF7DDF8F860FA683B6AD31ABB617B684C
:10930C0003F13C02BB6903FB03F319461046FFF75C
:10931C00E9F83B6A9BB218462837BD4680BD00BFB2
:10932C003CF50008FFF75AFC0B480C490C4A00238B
:10933C0002E0D458C4500433C4188C42F9D3094AFF
:10934C00094C002301E013600432A242FBD305F068
:10935C00C7FAFCF72BF870470000002060000020D3
:10936C00A8F5000860000020EC080020FEE70000D3
:10937C0080B500AF084B1B68074A43F0100313601D
:10938C00032000F047F90F2000F008F8FFF758F918
:10939C000023184680BD00BF0020024080B582B07B
:1093AC0000AF7860124B1A68124B1B7819464FF4B9
:1093BC007A73B3FBF1F3B2FBF3F3184600F05FF9E9
:1093CC000346002B01D001230EE07B680F2B0AD83B
:1093DC00002279684FF0FF3000F027F9064A7B68CD
:1093EC001360002300E0012318460837BD4680BDFA
:1093FC00040000200C0000200800002080B400AF06
:10940C00054B1B781A46054B1B681344034A136023
:10941C0000BFBD4680BC70470C00002098070020A0
:10942C0080B400AF024B1B681846BD4680BC704729
:10943C009807002080B584B000AF7860FFF7F0FF8C
:10944C00B8607B68FB60FB68B3F1FF3F05D00A4B4B
:10945C001B781A46FB681344FB6000BFFFF7E0FF64
:10946C000246BB68D31AFA689A42F7D800BF00BF0D
:10947C001037BD4680BD00BF0C00002080B485B005
:10948C0000AF78607B6803F00703FB600C4BDB6874
:10949C00BB60BA684FF6FF031340BB60FB681A024F
:1094AC00BB68134343F0BF6343F40033BB60044A0F
:1094BC00BB68D36000BF1437BD4680BC704700BF8B
:1094CC0000ED00E080B400AF044BDB681B0A03F036
:1094DC0007031846BD4680BC704700BF00ED00E096
:1094EC0080B483B000AF0346FB7197F90730002BB3
:1094FC000BDBFB7903F01F02064997F907305B0978
:10950C00012000FA02F241F8232000BF0C37BD46BF
:10951C0080BC704700E100E080B483B000AF03462C
:10952C003960FB7197F90730002B0ADB3B68DAB224
:10953C000C4997F907301201D2B20B4483F800237F
:10954C000AE03B68DAB20849FB7903F00F03043BED
:10955C001201D2B20B441A7600BF0C37BD4680BC48
:10956C00704700BF00E100E000ED00E080B489B07E
:10957C0000AFF860B9607A60FB6803F00703FB6129
:10958C00FB69C3F10703042B28BF0423BB61FB69F0
:10959C000433062B02D9FB69033B00E000237B61FB
:1095AC004FF0FF32BB6902FA03F3DA43BB681A408F
:1095BC007B699A404FF0FF317B6901FA03F3D94381
:1095CC007B680B40134318462437BD4680BC70475C
:1095DC0080B582B000AF78607B68013BB3F1807FCF
:1095EC0001D301230FE00A4A7B68013B53600F2132
:1095FC004FF0FF30FFF790FF054B00229A60044BB1
:10960C0007221A60002318460837BD4680BD00BFEC
:10961C0010E000E080B582B000AF78607868FFF7AA
:10962C002DFF00BF0837BD4680BD80B586B000AFAA
:10963C000346B9607A60FB7300237B61FFF742FF3E
:10964C0078617A68B9687869FFF790FF024697F9F4
:10965C000F3011461846FFF75FFF00BF1837BD46A5
:10966C0080BD80B582B000AF0346FB7197F907301F
:10967C001846FFF735FF00BF0837BD4680BD80B5E3
:10968C0082B000AF78607868FFF7A2FF03461846F7
:10969C000837BD4680BD000080B485B000AF78604F
:1096AC000023FB607B68002B01D1012343E07B6826
:1096BC001B681A46224B1344224AA2FB03231B09A4
:1096CC009A007B681A647B681F4ADA637B68022203
:1096DC0083F821207B681B681B68FB60FB6823F404
:1096EC007F5323F03003FB607B685A687B689B6870
:1096FC001A437B68DB681A437B681B691A437B68D7
:10970C005B691A437B689B691A437B68DB6913436B
:10971C00FA681343FB607B681B68FA681A607B6805
:10972C0000229A637B68012283F821207B68002247
:10973C0083F82020002318461437BD4680BC7047A0
:10974C00F8FFFDBFCDCCCCCC0000024080B586B07C
:10975C0000AFF860B9607A603B600023FB75FB6872
:10976C0093F82030012B01D102234BE0FB6801223E
:10977C0083F82020FB6893F82130DBB2012B3AD11F
:10978C00FB68022283F82120FB6800229A63FB68A5
:10979C001B681A68FB681B6822F001021A603B68A0
:1097AC007A68B968F86800F037F9FB68DB6A002B57
:1097BC0008D0FB681B681A68FB681B6842F00E0235
:1097CC001A600FE0FB681B681A68FB681B6822F0C4
:1097DC0004021A60FB681B681A68FB681B6842F07D
:1097EC000A021A60FB681B681A68FB681B6842F067
:1097FC0001021A6005E0FB68002283F82020022396
:10980C00FB75FB7D18461837BD4680BD80B584B00E
:10981C0000AF78607B68DB6B1B68FB607B681B6848
:10982C001B68BB607B681B6C04229A40FB6813406E
:10983C00002B4FD0BB6803F00403002B4AD07B688D
:10984C001B681B6803F02003002B07D17B681B6887
:10985C001A687B681B6822F004021A607B681B681C
:10986C00664A934229D07B681B68654A934222D092
:10987C007B681B68634A93421AD07B681B68624AF8
:10988C00934212D07B681B68604A93420AD07B6873
:10989C001B685F4A934202D14FF480030EE04FF0F5
:1098AC0080630BE04FF4802308E04FF4804305E025
:1098BC004FF4806302E0402300E00423554A5360D8
:1098CC007B68DB6A002B00F094807B68DB6A78682D
:1098DC0098478EE07B681B6C02229A40FB68134011
:1098EC00002B56D0BB6803F00203002B51D07B68D1
:1098FC001B681B6803F02003002B0BD17B681B68D3
:10990C001A687B681B6822F00A021A607B680122C5
:10991C0083F821207B681B68384A934229D07B68E6
:10992C001B68374A934222D07B681B68354A9342A6
:10993C001AD07B681B68344A934212D07B681B6830
:10994C00324A93420AD07B681B68314A934202D157
:10995C004FF400130EE04FF000730BE04FF40033A4
:10996C0008E04FF4005305E04FF4007302E02023AD
:10997C0000E00223274A53607B68002283F82020F2
:10998C007B689B6A002B34D07B689B6A786898470D
:10999C002FE07B681B6C08229A40FB681340002B5D
:1099AC0028D0BB6803F00803002B23D07B681B680E
:1099BC001A687B681B6822F00E021A607B681A6CAE
:1099CC007B68DB6B012101FA02F25A607B68012291
:1099DC009A637B68012283F821207B68002283F83C
:1099EC0020207B681B6B002B04D07B681B6B78687A
:1099FC00984700BF00BF1037BD4680BD080002402D
:109A0C001C0002403000024044000240580002405A
:109A1C006C0002400000024080B485B000AFF860DA
:109A2C00B9607A603B60FB681A6CFB68DB6B0121E8
:109A3C0001FA02F25A60FB681B683A685A60FB68CC
:109A4C005B68102B08D1FB681B687A689A60FB680E
:109A5C001B68BA68DA6007E0FB681B68BA689A6032
:109A6C00FB681B687A68DA6000BF1437BD4680BC9F
:109A7C007047000080B48BB000AF78603960002371
:109A8C007B6200233B6269E101227B6A02FA03F3E9
:109A9C00FB613B681B68FA691340BB61BA69FB69DF
:109AAC009A4240F058813B685B689A4A93425ED078
:109ABC00984A934275D8984A934258D0964A934202
:109ACC006FD8964A934252D0944A934269D8944A9A
:109ADC0093424CD0924A934263D8924A934246D0D6
:109AEC00904A93425DD8122B2AD8122B59D801A236
:109AFC0052F823F07B9B0008559B0008679B0008DD
:109B0C00A99B0008AF9B0008AF9B0008AF9B000807
:109B1C00AF9B0008AF9B0008AF9B0008AF9B0008F1
:109B2C00AF9B0008AF9B0008AF9B0008AF9B0008E1
:109B3C00AF9B0008AF9B00085D9B0008719B000861
:109B4C00794A934213D02CE03B68DB683B6229E0F6
:109B5C003B68DB6804333B6224E03B68DB6808331A
:109B6C003B621FE03B68DB680C333B621AE03B68EE
:109B7C009B68002B02D104233B6213E03B689B687B
:109B8C00012B05D108233B627B68FA691A6109E055
:109B9C0008233B627B68FA695A6103E000233B624D
:109BAC0000E000BFBB69FF2B01D87B6801E07B683C
:109BBC0004337B61BB69FF2B02D87B6A9B0002E0FC
:109BCC007B6A083B9B003B617B691A680F213B69F0
:109BDC0001FA03F3DB431A40396A3B6901FA03F3D8
:109BEC001A437B691A603B685B6803F08053002B57
:109BFC0000F0B1804D4B9B694C4A43F001039361DB
:109C0C004A4B9B6903F00103BB60BB68484A7B6A03
:109C1C009B08023352F82330FB607B6A03F003038A
:109C2C009B000F2202FA03F3DB43FA681340FB603C
:109C3C007B68404A934213D07B683F4A93420DD0D5
:109C4C007B683E4A934207D07B683D4A934201D1E0
:109C5C00032306E0042304E0022302E0012300E0D6
:109C6C0000237A6A02F0030292009340FA681343CD
:109C7C00FB602F497B6A9B080233FA6841F823206A
:109C8C003B685B6803F48013002B06D02D4B9A685D
:109C9C002C49BB6913438B6006E02A4B9A68BB695D
:109CAC00DB43284913408B603B685B6803F400136B
:109CBC00002B06D0234BDA682249BB691343CB60D7
:109CCC0006E0204BDA68BB69DB431E491340CB60CE
:109CDC003B685B6803F40033002B06D0194B5A68C1
:109CEC001849BB6913434B6006E0164B5A68BB69B5
:109CFC00DB43144913404B603B685B6803F48033CF
:109D0C00002B21D00F4B1A680E49BB6913430B6013
:109D1C0021E000BF000032100000311000002210C2
:109D2C000000211000001210000011100010024061
:109D3C000000014000080140000C014000100140EF
:109D4C0000140140000401400B4B1A68BB69DB4353
:109D5C00094913400B607B6A01337B623B681A68CC
:109D6C007B6A22FA03F3002B7FF48EAE00BF00BF98
:109D7C002C37BD4680BC70470004014080B485B0D0
:109D8C0000AF78600B467B807B689A687B881340B9
:109D9C00002B02D00123FB7301E00023FB73FB7B40
:109DAC0018461437BD4680BC704780B483B000AFF2
:109DBC0078600B467B8013467B707B78002B03D03E
:109DCC007A887B681A6103E07B881A047B681A61C5
:109DDC0000BF0C37BD4680BC7047000080B584B016
:109DEC0000AF78607B68002B01D101232BE17B68ED
:109DFC0093F83D30DBB2002B06D17B68002283F850
:109E0C003C207868FEF74EFC7B68242283F83D20CA
:109E1C007B681B681A687B681B6822F001021A6059
:109E2C007B681B681A687B681B6842F400421A60E6
:109E3C007B681B681A687B681B6822F400421A60F6
:109E4C0001F02AFDF8607B685B68814A934207D871
:109E5C00FB68804A934294BF01230023DBB206E0E7
:109E6C00FB687D4A934294BF01230023DBB2002B95
:109E7C0001D00123E7E0FB68784AA2FB03239B0C8B
:109E8C00BB607B681B685B6823F03F017B681B68C9
:109E9C00BA680A435A607B681B681B6A23F03F014F
:109EAC007B685B686A4A934202D8BB68013309E05D
:109EBC00BB684FF4967202FB03F3694AA2FB0323BF
:109ECC009B0901337A6812680B4313627B681B6829
:109EDC00DB6923F44F4222F0FF027B685B685C492C
:109EEC008B4219D8FB68591E7B685B685B00B1FB21
:109EFC00F3F3591C40F6FC730B40002B0AD0FB68A3
:109F0C00591E7B685B685B00B1FBF3F30133C3F351
:109F1C000B0351E004234FE07B689B68002B11D1AD
:109F2C00FB68581E7B6859680B465B000B44B0FB02
:109F3C00F3F30133C3F30B03002B0CBF01230023FA
:109F4C00DBB212E0FB68581E7B6859680B469B001D
:109F5C000B4499000B44B0FBF3F30133C3F30B0335
:109F6C00002B0CBF01230023DBB2002B01D00123FB
:109F7C0022E07B689B68002B0ED1FB68581E7B6827
:109F8C0059680B465B000B44B0FBF3F30133C3F38E
:109F9C000B0343F400430FE0FB68581E7B685968C1
:109FAC000B469B000B4499000B44B0FBF3F30133BD
:109FBC00C3F30B0343F44043796809681343CB6143
:109FCC007B681B681B6823F0C0017B68DA697B68BF
:109FDC001B6A1A437B681B680A431A607B681B6800
:109FEC009B6823F4034323F0FF037A6811697A68B2
:109FFC00D26811437A6812680B4393607B681B68C4
:10A00C00DB6823F0FF017B685A697B689B691A4304
:10A01C007B681B680A43DA607B681B681A687B687C
:10A02C001B6842F001021A607B6800221A647B688C
:10A03C00202283F83D207B6800221A637B68002273
:10A04C0083F83E20002318461037BD4680BD00BF64
:10A05C00A08601007F841E00FF083D0083DE1B43A9
:10A06C00D34D621080B588B002AFF8600846114637
:10A07C001A4603467B810B463B811346FB80FFF758
:10A08C00CFF97861FB6893F83D30DBB2202B40F0C0
:10A09C00D9807B690093192301226D49F86800F07F
:10A0AC00FBFD0346002B01D00223CCE0FB6893F8A8
:10A0BC003C30012B01D10223C5E0FB68012283F85F
:10A0CC003C20FB681B681B6803F00103012B07D0C5
:10A0DC00FB681B681A68FB681B6842F001021A6077
:10A0EC00FB681B681A68FB681B6822F400621A6024
:10A0FC00FB68212283F83D20FB68402283F83E2038
:10A10C00FB6800221A64FB683A6A5A62FB68BA8CD4
:10A11C005A85FB685B8D9AB2FB681A85FB684D4AC1
:10A12C00DA62F8883A8979897B690193BB6A009372
:10A13C000346F86800F032FC0346002B52D0012392
:10A14C0081E07A69B96AF86800F0C0FE0346002B1A
:10A15C000DD0FB681B6C042B07D1FB681B681A68BD
:10A16C00FB681B6842F400721A6001236BE0FB6809
:10A17C005B6A1A78FB681B681A61FB685B6A5A1C7D
:10A18C00FB685A62FB681B8D013B9AB2FB681A850F
:10A19C00FB685B8D9BB2013B9AB2FB685A85FB68EE
:10A1AC001B685B6903F00403042B1BD1FB681B8D3C
:10A1BC00002B17D0FB685B6A1A78FB681B681A6166
:10A1CC00FB685B6A5A1CFB685A62FB681B8D013B7F
:10A1DC009AB2FB681A85FB685B8D9BB2013B9AB205
:10A1EC00FB685A85FB681B8D002BAAD17A69B96A6A
:10A1FC00F86800F0B3FE0346002B0DD0FB681B6C17
:10A20C00042B07D1FB681B681A68FB681B6842F4B7
:10A21C0000721A60012316E0FB681B681A68FB6861
:10A22C001B6842F400721A60FB68202283F83D2000
:10A23C00FB68002283F83E20FB68002283F83C2058
:10A24C00002300E0022318461837BD4680BD00BF2E
:10A25C00020010000000FFFF80B58CB002AFF86068
:10A26C00084611461A4603467B810B463B81134632
:10A27C00FB8000233B62FFF7D3F87862FB6893F80E
:10A28C003D30DBB2202B40F050827B6A00931923C7
:10A29C0001228249F86800F0FFFC0346002B01D034
:10A2AC00022343E2FB6893F83C30012B01D10223DB
:10A2BC003CE2FB68012283F83C20FB681B681B68AE
:10A2CC0003F00103012B07D0FB681B681A68FB68BD
:10A2DC001B6842F001021A60FB681B681A68FB6875
:10A2EC001B6822F400621A60FB68222283F83D206E
:10A2FC00FB68402283F83E20FB6800221A64FB684E
:10A30C003A6B5A62FB68BA8E5A85FB685B8D9AB2BF
:10A31C00FB681A85FB68624ADA62F8883A8979899F
:10A32C007B6A0193BB6B00930346F86800F0CCFB8F
:10A33C000346002B01D00123F8E1FB681B8D002B99
:10A34C0013D10023FB61FB681B685B69FB61FB6835
:10A35C001B689B69FB61FB69FB681B681A68FB68DF
:10A36C001B6842F400721A60CCE1FB681B8D012B58
:10A37C001ED1FB681B681A68FB681B6822F480629C
:10A38C001A6072B600BF0023BB61FB681B685B6977
:10A39C00BB61FB681B689B69BB61BB69FB681B6885
:10A3AC001A68FB681B6842F400721A6062B635E0EA
:10A3BC00FB681B8D022B1ED1FB681B681A68FB689F
:10A3CC001B6842F400621A6072B600BF00237B6106
:10A3DC00FB681B685B697B61FB681B689B697B6125
:10A3EC007B69FB681B681A68FB681B6822F4806237
:10A3FC001A6062B612E0FB681B681A68FB681B687F
:10A40C0042F480621A6000233B61FB681B685B6945
:10A41C003B61FB681B689B693B613B6972E1FB68B4
:10A42C001B8D032B00F21F81FB681B8D012B23D18D
:10A43C007A6AB96BF86800F0D9FD0346002B01D09D
:10A44C00012373E1FB681B681A69FB685B6AD2B273
:10A45C001A70FB685B6A5A1CFB685A62FB681B8D9E
:10A46C00013B9AB2FB681A85FB685B8D9BB2013B82
:10A47C009AB2FB685A8545E1FB681B8D022B52D1C1
:10A48C007B6A0093BB6B00220649F86800F004FC61
:10A49C000346002B08D0012348E100BF0200100046
:10A4AC000000FFFF0400010072B600BFFB681B68D0
:10A4BC001A68FB681B6842F400721A60FB681B6820
:10A4CC001A69FB685B6AD2B21A70FB685B6A5A1C29
:10A4DC00FB685A62FB681B8D013B9AB2FB681A85BC
:10A4EC00FB685B8D9BB2013B9AB2FB685A8562B6E6
:10A4FC0000BFFB681B681A69FB685B6AD2B21A70F2
:10A50C00FB685B6A5A1CFB685A62FB681B8D013B3B
:10A51C009AB2FB681A85FB685B8D9BB2013B9AB2C1
:10A52C00FB685A85EEE07B6A0093BB6B0022814985
:10A53C00F86800F0B1FB0346002B01D00123F5E0D5
:10A54C00FB681B681A68FB681B6822F480621A603F
:10A55C0072B600BFFB681B681A69FB685B6AD2B2F3
:10A56C001A70FB685B6A5A1CFB685A62FB681B8D8D
:10A57C00013B9AB2FB681A85FB685B8D9BB2013B71
:10A58C009AB2FB685A856C4B1B68DB086B4AA2FBC2
:10A59C0003231A0A13469B001344DA00D31A3B62B6
:10A5AC003B6A013B3B623B6A002B18D1FB680022E3
:10A5BC001A63FB68202283F83D20FB68002283F895
:10A5CC003E20FB681B6C43F02002FB681A6462B6E9
:10A5DC0000BFFB68002283F83C200123A6E0FB6847
:10A5EC001B685B6903F00403042BD9D1FB681B685F
:10A5FC001A68FB681B6842F400721A60FB681B68DF
:10A60C001A69FB685B6AD2B21A70FB685B6A5A1CE7
:10A61C00FB685A62FB681B8D013B9AB2FB681A857A
:10A62C00FB685B8D9BB2013B9AB2FB685A8562B6A4
:10A63C0000BFFB681B681A69FB685B6AD2B21A70B0
:10A64C00FB685B6A5A1CFB685A62FB681B8D013BFA
:10A65C009AB2FB681A85FB685B8D9BB2013B9AB280
:10A66C00FB685A854EE07A6AB96BF86800F0BEFC5C
:10A67C000346002B01D0012358E0FB681B681A69C4
:10A68C00FB685B6AD2B21A70FB685B6A5A1CFB6887
:10A69C005A62FB681B8D013B9AB2FB681A85FB68FA
:10A6AC005B8D9BB2013B9AB2FB685A85FB681B68B9
:10A6BC005B6903F00403042B24D1FB681B8D032B73
:10A6CC0007D1FB681B681A68FB681B6822F4806260
:10A6DC001A60FB681B681A69FB685B6AD2B21A7055
:10A6EC00FB685B6A5A1CFB685A62FB681B8D013B5A
:10A6FC009AB2FB681A85FB685B8D9BB2013B9AB2E0
:10A70C00FB685A85FB681B8D002B7FF488AEFB68B9
:10A71C00202283F83D20FB68002283F83E20FB6852
:10A72C00002283F83C20002300E00223184628373F
:10A73C00BD4680BD040001000400002089B5F8145A
:10A74C0080B58AB002AFF8607A603B600B467B81C3
:10A75C00FEF766FEF8610023BB61FB6893F83D30A1
:10A76C00DBB2202B40F01181FB69009319230122ED
:10A77C008849F86800F090FA0346002B01D00223B8
:10A78C0004E1FB6893F83C30012B01D10223FDE07E
:10A79C00FB68012283F83C20FB681B681B6803F0F4
:10A7AC000103012B07D0FB681B681A68FB681B6848
:10A7BC0042F001021A60FB681B681A68FB681B6890
:10A7CC0022F400621A60FB68242283F83D20FB68A7
:10A7DC0000221A64FB68704ADA62FB681B681A680C
:10A7EC00FB681B6842F480721A60FB6900933B683B
:10A7FC0000224FF00111F86800F04EFA0346002BCE
:10A80C000DD0FB681B681B6803F48073B3F5807F65
:10A81C0003D1FB684FF400721A640323B6E07B8902
:10A82C00DBB21A46FB681B6802F0FE021A61FEF7E7
:10A83C00F7FDF861FB681B685B6903F00203022BF0
:10A84C000CBF01230023DBB2FB75FB681B685B6943
:10A85C0003F48063B3F5806F0CBF01230023DBB2DC
:10A86C00BB7525E0FEF7DCFD0246FB69D31A3A689E
:10A87C009A4202D33B68002B03D1FB68A02283F8D9
:10A88C003D20FB681B685B6903F00203022B0CBFC5
:10A89C0001230023DBB2FB75FB681B685B6903F4C7
:10A8AC008063B3F5806F0CBF01230023DBB2BB7553
:10A8BC00FB6893F83D30DBB2A02B05D0FB7D002B61
:10A8CC0002D1BB7D002BCDD0FB68202283F83D202C
:10A8DC00FB681B685B6903F00203022B29D1FB6840
:10A8EC001B681A68FB681B6842F400721A6000232C
:10A8FC003B61FB681B685B693B61FB681B689B6980
:10A90C003B613B69FB690093192301222149F868DB
:10A91C0000F0C2F90346002B01D0012336E0FB689E
:10A92C00202283F83D20FB68002283F83C20002382
:10A93C002CE0FB681B681A68FB681B6842F4007209
:10A94C001A60FB681B686FF480625A61FB690093A4
:10A95C00192301220F49F86800F09EF90346002BD9
:10A96C0001D0012312E0BB690133BB61BA697B687A
:10A97C009A42FFF432AFFB68202283F83D20FB683B
:10A98C00002283F83C20012300E0022318462037E4
:10A99C00BD4680BD020010000000FFFF80B588B0EE
:10A9AC0002AFF860084611461A4603467B810B46F7
:10A9BC003B811346FB80FB681B681A68FB681B68AD
:10A9CC0042F480721A607B6A00933B6A00224FF05B
:10A9DC000111F86800F060F90346002B0DD0FB68FC
:10A9EC001B681B6803F48073B3F5807F03D1FB688D
:10A9FC004FF400721A6403235FE07B89DBB21A46C2
:10AA0C00FB681B6802F0FE021A617B6A3A6A2D49E8
:10AA1C00F86800F0BBF90346002B01D001234CE091
:10AA2C0000237B61FB681B685B697B61FB681B68AF
:10AA3C009B697B617B697A6A396AF86800F046FA2F
:10AA4C000346002B0DD0FB681B6C042B07D1FB6855
:10AA5C001B681A68FB681B6842F400721A600123B9
:10AA6C002BE0FB88012B05D13B89DAB2FB681B6814
:10AA7C001A6121E03B891B0A9BB2DAB2FB681B68A6
:10AA8C001A617A6A396AF86800F020FA0346002BDA
:10AA9C000DD0FB681B6C042B07D1FB681B681A6874
:10AAAC00FB681B6842F400721A60012305E03B89C5
:10AABC00DAB2FB681B681A61002318461837BD46CA
:10AACC0080BD00BF0200010080B588B002AFF86005
:10AADC00084611461A4603467B810B463B811346BA
:10AAEC00FB80FB681B681A68FB681B6842F4806279
:10AAFC001A60FB681B681A68FB681B6842F480725A
:10AB0C001A607B6A00933B6A00224FF00111F868CF
:10AB1C0000F0C2F80346002B0DD0FB681B681B68C5
:10AB2C0003F48073B3F5807F03D1FB684FF400729C
:10AB3C001A640323AAE07B89DBB21A46FB681B6804
:10AB4C0002F0FE021A617B6A3A6A5249F86800F018
:10AB5C001DF90346002B01D0012397E000237B61F4
:10AB6C00FB681B685B697B61FB681B689B697B618D
:10AB7C007B697A6A396AF86800F0A8F90346002BF9
:10AB8C000DD0FB681B6C042B07D1FB681B681A6883
:10AB9C00FB681B6842F400721A60012376E0FB88A4
:10ABAC00012B05D13B89DAB2FB681B681A6121E0E5
:10ABBC003B891B0A9BB2DAB2FB681B681A617A6A82
:10ABCC00396AF86800F082F90346002B0DD0FB6857
:10ABDC001B6C042B07D1FB681B681A68FB681B688D
:10ABEC0042F400721A60012350E03B89DAB2FB6830
:10ABFC001B681A617A6A396AF86800F067F90346CB
:10AC0C00002B0DD0FB681B6C042B07D1FB681B6859
:10AC1C001A68FB681B6842F400721A60012335E065
:10AC2C00FB681B681A68FB681B6842F480721A6028
:10AC3C007B6A00933B6A00224FF00111F86800F028
:10AC4C002BF80346002B0DD0FB681B681B6803F424
:10AC5C008073B3F5807F03D1FB684FF400721A64E4
:10AC6C00032313E07B89DBB243F00103DAB2FB6808
:10AC7C001B681A617B6A3A6A0649F86800F086F824
:10AC8C000346002B01D0012300E00023184618379F
:10AC9C00BD4680BD0200010080B584B000AFF860F5
:10ACAC00B9603B601346FB7148E03B68B3F1FF3F72
:10ACBC0044D0FEF7B5FB0246BB69D31A3A689A42F8
:10ACCC0002D33B68002B39D1BB681B0CDBB2012BC8
:10ACDC000DD1FB681B685B69DA43BB6813409BB200
:10ACEC00002B0CBF01230023DBB21A460CE0FB68DF
:10ACFC001B689B69DA43BB6813409BB2002B0CBFEB
:10AD0C0001230023DBB21A46FB799A4216D1FB6869
:10AD1C0000221A63FB68202283F83D20FB68002286
:10AD2C0083F83E20FB681B6C43F02002FB681A641E
:10AD3C00FB68002283F83C20012323E0BB681B0C3A
:10AD4C00DBB2012B0DD1FB681B685B69DA43BB6876
:10AD5C0013409BB2002B0CBF01230023DBB21A461D
:10AD6C000CE0FB681B689B69DA43BB6813409BB221
:10AD7C00002B0CBF01230023DBB21A46FB799A424D
:10AD8C0093D0002318461037BD4680BD80B584B0E3
:10AD9C0000AFF860B9607A603B6071E0FB681B68DB
:10ADAC005B6903F48063B3F5806F23D1FB681B6888
:10ADBC001A68FB681B6842F400721A60FB681B6817
:10ADCC006FF480625A61FB6800221A63FB682022D0
:10ADDC0083F83D20FB68002283F83E20FB681B6C47
:10ADEC0043F00402FB681A64FB68002283F83C20E1
:10ADFC00012367E07B68B3F1FF3F41D0FEF710FB06
:10AE0C0002463B68D31A7A689A4202D37B68002BBD
:10AE1C0036D1BB681B0CDBB2012B0CD1FB681B6859
:10AE2C005B69DA43BB6813409BB2002B14BF012350
:10AE3C000023DBB20BE0FB681B689B69DA43BB6841
:10AE4C0013409BB2002B14BF01230023DBB2002B59
:10AE5C0016D0FB6800221A63FB68202283F83D2081
:10AE6C00FB68002283F83E20FB681B6C43F0200239
:10AE7C00FB681A64FB68002283F83C20012321E064
:10AE8C00BB681B0CDBB2012B0CD1FB681B685B692C
:10AE9C00DA43BB6813409BB2002B14BF0123002381
:10AEAC00DBB20BE0FB681B689B69DA43BB681340A1
:10AEBC009BB2002B14BF01230023DBB2002B7FF4C9
:10AECC006DAF002318461037BD4680BD80B584B0E9
:10AEDC0000AFF860B9607A6034E0F86800F0E3F82D
:10AEEC000346002B01D0012334E0BB68B3F1FF3FD4
:10AEFC0028D0FEF795FA02467B68D31ABA689A42B4
:10AF0C0002D3BB68002B1DD1FB681B685B6903F087
:10AF1C008003802B16D0FB6800221A63FB6820226A
:10AF2C0083F83D20FB68002283F83E20FB681B6CF5
:10AF3C0043F02002FB681A64FB68002283F83C2073
:10AF4C00012307E0FB681B685B6903F08003802B1F
:10AF5C00C3D1002318461037BD4680BD80B584B0E0
:10AF6C0000AFF860B9607A6034E0F86800F09BF8E4
:10AF7C000346002B01D0012334E0BB68B3F1FF3F43
:10AF8C0028D0FEF74DFA02467B68D31ABA689A426B
:10AF9C0002D3BB68002B1DD1FB681B685B6903F0F7
:10AFAC000403042B16D0FB6800221A63FB682022D2
:10AFBC0083F83D20FB68002283F83E20FB681B6C65
:10AFCC0043F02002FB681A64FB68002283F83C20E3
:10AFDC00012307E0FB681B685B6903F00403042B87
:10AFEC00C3D1002318461037BD4680BD80B584B050
:10AFFC0000AFF860B9607A6049E0FB681B685B6978
:10B00C0003F01003102B19D1FB681B686FF01002B2
:10B01C005A61FB6800221A63FB68202283F83D20EA
:10B02C00FB68002283F83E20FB681A6CFB681A64EC
:10B03C00FB68002283F83C20012330E0FEF7F0F996
:10B04C0002467B68D31ABA689A4202D3BB68002BBB
:10B05C001DD1FB681B685B6903F04003402B16D0C5
:10B06C00FB6800221A63FB68202283F83D20FB68F2
:10B07C00002283F83E20FB681B6C43F02002FB6827
:10B08C001A64FB68002283F83C20012307E0FB686C
:10B09C001B685B6903F04003402BAED100231846BC
:10B0AC001037BD4680BD80B483B000AF78607B683C
:10B0BC001B685B6903F48063B3F5806F1BD17B68FD
:10B0CC001B686FF480625A617B6800221A637B688C
:10B0DC00202283F83D207B68002283F83E207B6889
:10B0EC001B6C43F004027B681A647B68002283F8B3
:10B0FC003C20012300E0002318460C37BD4680BCE1
:10B10C007047000080B586B000AF78607B68002B7C
:10B11C0001D1012372E27B681B6803F00103002B51
:10B12C0000F08780924B5B6803F00C03042B0CD06F
:10B13C008F4B5B6803F00C03082B12D18C4B5B68B4
:10B14C0003F48033B3F5803F0BD1894B1B6803F4B8
:10B15C000033002B6CD07B685B68002B68D101231B
:10B16C004CE27B685B68B3F5803F06D1804B1B6873
:10B17C007F4A43F4803313602EE07B685B68002BBE
:10B18C000CD17B4B1B687A4A23F480331360784BC9
:10B19C001B68774A23F4802313601DE07B685B688F
:10B1AC00B3F5A02F0CD1724B1B68714A43F480236A
:10B1BC0013606F4B1B686E4A43F4803313600BE0D3
:10B1CC006B4B1B686A4A23F480331360684B1B6813
:10B1DC00674A23F4802313607B685B68002B13D0D1
:10B1EC00FEF71EF9386108E0FEF71AF902463B69D2
:10B1FC00D31A642B01D9032300E25D4B1B6803F4C3
:10B20C000033002BF0D014E0FEF70AF9386108E0A7
:10B21C00FEF706F902463B69D31A642B01D90323C6
:10B22C00ECE1534B1B6803F40033002BF0D100E02E
:10B23C0000BF7B681B6803F00203002B63D04C4BF0
:10B24C005B6803F00C03002B0BD0494B5B6803F0DD
:10B25C000C03082B1CD1464B5B6803F48033002B8A
:10B26C0016D1434B1B6803F00203002B05D07B68FF
:10B27C001B69012B01D00123C0E13D4B1B6823F05E
:10B28C00F8027B685B69DB00394913430B603AE0D9
:10B29C007B681B69002B20D0364B01221A60FEF70D
:10B2AC00BFF8386108E0FEF7BBF802463B69D31AD9
:10B2BC00022B01D90323A1E12D4B1B6803F00203E0
:10B2CC00002BF0D02A4B1B6823F0F8027B685B69DB
:10B2DC00DB00274913430B6015E0264B00221A6054
:10B2EC00FEF79EF8386108E0FEF79AF802463B69D3
:10B2FC00D31A022B01D9032380E11D4B1B6803F0E9
:10B30C000203002BF0D17B681B6803F00803002BB1
:10B31C003AD07B689B69002B19D0174B01221A601D
:10B32C00FEF77EF8386108E0FEF77AF802463B69D2
:10B33C00D31A022B01D9032360E10D4B5B6A03F096
:10B34C000203002BF0D0012000F0BAFA1CE00A4BEB
:10B35C0000221A60FEF764F838610FE0FEF760F81F
:10B36C0002463B69D31A022B08D9032346E100BFDE
:10B37C00001002400000424280044242924B5B6A41
:10B38C0003F00203002BE9D17B681B6803F0040374
:10B39C00002B00F0A6800023FB758B4BDB6903F0C0
:10B3AC008053002B0DD1884BDB69874A43F08053C7
:10B3BC00D361854BDB6903F08053BB60BB68012311
:10B3CC00FB75824B1B6803F48073002B18D17F4BE9
:10B3DC001B687E4A43F480731360FEF721F83861D2
:10B3EC0008E0FEF71DF802463B69D31A642B01D91D
:10B3FC00032303E1754B1B6803F48073002BF0D01F
:10B40C007B68DB68012B06D16F4B1B6A6E4A43F0DD
:10B41C00010313622DE07B68DB68002B0CD16A4BB7
:10B42C001B6A694A23F001031362674B1B6A664A65
:10B43C0023F0040313621CE07B68DB68052B0CD142
:10B44C00614B1B6A604A43F0040313625E4B1B6A38
:10B45C005D4A43F0010313620BE05B4B1B6A5A4AD3
:10B46C0023F001031362584B1B6A574A23F0040361
:10B47C0013627B68DB68002B15D0FDF7D1FF3861B8
:10B48C000AE0FDF7CDFF02463B69D31A41F2883240
:10B49C00934201D90323B1E04B4B1B6A03F0020327
:10B4AC00002BEED014E0FDF7BBFF38610AE0FDF78E
:10B4BC00B7FF02463B69D31A41F28832934201D955
:10B4CC0003239BE0404B1B6A03F00203002BEED1DD
:10B4DC00FB7D012B05D13C4BDB693B4A23F08053B0
:10B4EC00D3617B68DB69002B00F08780364B5B688F
:10B4FC0003F00C03082B61D07B68DB69022B46D16F
:10B50C00334B00221A60FDF78BFF386108E0FDF722
:10B51C0087FF02463B69D31A022B01D903236DE046
:10B52C00294B1B6803F00073002BF0D17B681B6A5E
:10B53C00B3F5803F08D1244B5B6823F400327B6861
:10B54C009B68214913434B601F4B5B6823F47412B7
:10B55C007B68196A7B685B6A0B431B4913434B601E
:10B56C001B4B01221A60FDF75BFF386108E0FDF709
:10B57C0057FF02463B69D31A022B01D903233DE046
:10B58C00114B1B6803F00073002BF0D035E0104B0F
:10B59C0000221A60FDF744FF386108E0FDF740FF18
:10B5AC0002463B69D31A022B01D9032326E0064B32
:10B5BC001B6803F00073002BF0D11EE07B68DB6985
:10B5CC00012B07D1012319E000100240007000404C
:10B5DC00600042420B4B5B68FB60FB6803F48032FB
:10B5EC007B681B6A9A4206D1FB6803F470127B6875
:10B5FC005B6A9A4201D0012300E0002318461837F9
:10B60C00BD4680BD0010024080B584B000AF7860AC
:10B61C0039607B68002B01D10123D0E06A4B1B6899
:10B62C0003F007033A689A4210D9674B1B6823F062
:10B63C00070265493B6813430B60634B1B6803F0BF
:10B64C0007033A689A4201D00123B8E07B681B6873
:10B65C0003F00203002B20D07B681B6803F004036B
:10B66C00002B05D0594B5B68584A43F4E063536098
:10B67C007B681B6803F00803002B05D0534B5B68F9
:10B68C00524A43F460535360504B5B6823F0F00212
:10B69C007B689B684D4913434B607B681B6803F0C8
:10B6AC000103002B40D07B685B68012B07D1474B13
:10B6BC001B6803F40033002B15D101237FE07B685A
:10B6CC005B68022B07D1414B1B6803F00073002B06
:10B6DC0009D1012373E03D4B1B6803F00203002BDF
:10B6EC0001D101236BE0394B5B6823F003027B68CB
:10B6FC005B68364913434B60FDF792FEF8600AE035
:10B70C00FDF78EFE0246FB68D31A41F28832934253
:10B71C0001D9032353E02D4B5B6803F00C027B68CB
:10B72C005B689B009A42EBD1274B1B6803F0070325
:10B73C003A689A4210D2244B1B6823F00702224924
:10B74C003B6813430B60204B1B6803F007033A68FC
:10B75C009A4201D0012332E07B681B6803F004039A
:10B76C00002B08D0194B5B6823F4E0627B68DB6824
:10B77C00164913434B607B681B6803F00803002BCE
:10B78C0009D0124B5B6823F460527B681B69DB00A9
:10B79C000E4913434B6000F021F802460B4B5B68DB
:10B7AC001B0903F00F030A49CB5C22FA03F3094A85
:10B7BC001360094B1B681846FDF7F0FD0023184673
:10B7CC001037BD4680BD00BF002002400010024073
:10B7DC00E4F40008040000200800002080B487B0C6
:10B7EC0000AF0023FB600023BB6000237B610023C0
:10B7FC007B6000233B611E4B5B68FB60FB6803F0C6
:10B80C000C03042B02D0082B03D027E0194B3B610F
:10B81C0027E0FB689B0C03F00F03174AD35C7B609B
:10B82C00FB6803F48033002B10D0114B5B685B0C6E
:10B83C0003F00103114AD35CBB607B680D4A03FB28
:10B84C0002F2BB68B2FBF3F37B6104E07B680C4A49
:10B85C0002FB03F37B617B693B6102E0054B3B61BF
:10B86C0000BF3B6918461C37BD4680BC704700BF03
:10B87C000010024000127A0048F5000858F5000844
:10B88C0000093D0080B400AF024B1B681846BD4652
:10B89C0080BC70470400002080B500AFFFF7F2FFBA
:10B8AC000246054B5B681B0A03F007030349CB5C9C
:10B8BC0022FA03F3184680BD00100240F4F400088D
:10B8CC0080B485B000AF78600A4B1B680A4AA2FBB3
:10B8DC0003235B0A7A6802FB03F3FB6000BFFB687F
:10B8EC005A1EFA60002BF9D100BF00BF1437BD46B9
:10B8FC0080BC704704000020D34D621080B582B02C
:10B90C0000AF78607B68002B01D1012376E07B6867
:10B91C005B6A002B08D17B685B68B3F5827F09D02A
:10B92C007B680022DA6105E07B6800221A617B6883
:10B93C0000225A617B6800229A627B6893F851302E
:10B94C00DBB2002B06D17B68002283F8502078688C
:10B95C00FCF7F8FE7B68022283F851207B681B6899
:10B96C001A687B681B6822F040021A607B685B686F
:10B97C0003F482727B689B6803F404431A437B686C
:10B98C00DB6803F400631A437B681B6903F0020352
:10B99C001A437B685B6903F001031A437B689B695C
:10B9AC0003F400731A437B68DB6903F038031A4312
:10B9BC007B681B6A03F0800342EA03017B689B6A85
:10B9CC0003F400527B681B680A431A607B689B690E
:10B9DC001A0C7B681B6802F004025A607B681B68B7
:10B9EC00DA697B681B6822F40062DA617B680022EA
:10B9FC005A657B68012283F85120002318460837CA
:10BA0C00BD4680BD80B588B002AFF860B9603B60C0
:10BA1C001346FB80FB6893F85130DBB2012B01D04D
:10BA2C00022304E1FB685B68B3F5827F12D1FB68EB
:10BA3C009B68002B0ED1FB68042283F85120FA88F6
:10BA4C003B6800931346BA68B968F86800F0F3F8DD
:10BA5C000346ECE0FDF7E4FC7861BB68002B02D0F8
:10BA6C00FB88002B01D10123E1E0FB6893F85030F7
:10BA7C00012B01D10223DAE0FB68012283F850206C
:10BA8C00FB68042283F85120FB6800225A65FB688E
:10BA9C00BA689A63FB68FA889A87FB68FA88DA872F
:10BAAC00FB6800221A63FB6800229A86FB6800225E
:10BABC00DA86FB6800221A64FB6800225A64FB6871
:10BACC009B68B3F5004F0FD1FB681B681A68FB68C5
:10BADC001B6822F040021A60FB681B681A68FB683E
:10BAEC001B6822F480421A60FB681B681B6803F019
:10BAFC004003402B07D0FB681B681A68FB681B6867
:10BB0C0042F040021A60FB68DB68002B70D135E014
:10BB1C00FB681B689B6803F00103012B15D1FB68C4
:10BB2C001B6803F10C02FB689B6B1278D2B21A7083
:10BB3C00FB689B6B5A1CFB689A63FB68DB8F9BB2A0
:10BB4C00013B9AB2FB68DA8718E0FDF769FC024604
:10BB5C007B69D31A3A689A4203D83B68B3F1FF3F2A
:10BB6C0002D13B68002B09D1FB68012283F85120DC
:10BB7C00FB68002283F85020032358E0FB68DB8F1E
:10BB8C009BB2002BC4D138E0FB681B689B6803F0A8
:10BB9C000103012B13D1FB681B68DA68FB689B6BF4
:10BBAC0092B21A80FB689B6B9A1CFB689A63FB68C9
:10BBBC00DB8F9BB2013B9AB2FB68DA8718E0FDF78A
:10BBCC002FFC02467B69D31A3A689A4203D83B6829
:10BBDC00B3F1FF3F02D13B68002B09D1FB68012276
:10BBEC0083F85120FB68002283F8502003231EE0C9
:10BBFC00FB68DB8F9BB2002BC6D17A693968F86879
:10BC0C0000F04AFA0346002B02D0FB6820225A654A
:10BC1C00FB68012283F85120FB68002283F8502036
:10BC2C00FB685B6D002B01D0012300E0002318465C
:10BC3C001837BD4680BD80B58AB000AFF860B960DA
:10BC4C007A607B8001237B62FDF7EAFB3862FB683C
:10BC5C0093F85130FB77FB685B68BB617B88FB8298
:10BC6C00FB7F012B0CD0BB69B3F5827F06D1FB683F
:10BC7C009B68002B02D1FB7F042B01D002237FE1B8
:10BC8C00BB68002B05D07B68002B02D07B88002B77
:10BC9C0001D1012374E1FB6893F85030012B01D1E1
:10BCAC0002236DE1FB68012283F85020FB6893F8B6
:10BCBC005130DBB2042B03D0FB68052283F85120F2
:10BCCC00FB6800225A65FB687A689A63FB687A887D
:10BCDC00DA87FB687A889A87FB68BA681A63FB680C
:10BCEC007A88DA86FB687A889A86FB6800221A645E
:10BCFC00FB6800225A64FB681B681B6803F0400356
:10BD0C00402B07D0FB681B681A68FB681B6842F065
:10BD1C0040021A60FB68DB68B3F5006F7ED1FB68EC
:10BD2C005B68002B02D0FB8A012B6CD1FB681B6B70
:10BD3C001A88FB681B68DA60FB681B6B9A1CFB6833
:10BD4C001A63FB68DB8E9BB2013B9AB2FB68DA8606
:10BD5C0059E0FB681B689B6803F00203022B1BD1A4
:10BD6C00FB68DB8E9BB2002B16D07B6A012B13D1A8
:10BD7C00FB681B6B1A88FB681B68DA60FB681B6B23
:10BD8C009A1CFB681A63FB68DB8E9BB2013B9AB270
:10BD9C00FB68DA8600237B62FB681B689B6803F0F8
:10BDAC000103012B19D1FB68DB8F9BB2002B14D044
:10BDBC00FB681B68DA68FB689B6B92B21A80FB68A5
:10BDCC009B6B9A1CFB689A63FB68DB8F9BB2013BF5
:10BDDC009AB2FB68DA8701237B62FDF721FB0246EE
:10BDEC003B6AD31A3A6B9A420DD83B6BB3F1FF3FC7
:10BDFC0009D0FB68012283F85120FB68002283F8EC
:10BE0C0050200323BCE0FB68DB8E9BB2002BA0D13F
:10BE1C00FB68DB8F9BB2002B9BD182E0FB685B68DD
:10BE2C00002B02D0FB8A012B71D1FB681A6BFB68CB
:10BE3C001B680C3312781A70FB681B6B5A1CFB685E
:10BE4C001A63FB68DB8E9BB2013B9AB2FB68DA8605
:10BE5C005DE0FB681B689B6803F00203022B1CD19E
:10BE6C00FB68DB8E9BB2002B17D07B6A012B14D1A5
:10BE7C00FB681A6BFB681B680C3312781A70FB6832
:10BE8C001B6B5A1CFB681A63FB68DB8E9BB2013B75
:10BE9C009AB2FB68DA8600237B62FB681B689B689E
:10BEAC0003F00103012B19D1FB68DB8F9BB2002B34
:10BEBC0014D0FB681B68DA68FB689B6BD2B21A70F3
:10BECC00FB689B6B5A1CFB689A63FB68DB8F9BB20D
:10BEDC00013B9AB2FB68DA8701237B62FDF7A0FA7B
:10BEEC0002463B6AD31A3A6B9A4203D83B6BB3F1C6
:10BEFC00FF3F02D13B6B002B09D1FB68012283F879
:10BF0C005120FB68002283F85020032338E0FB68A3
:10BF1C00DB8E9BB2002B9CD1FB68DB8F9BB2002B82
:10BF2C0097D13A6A396BF86800F008F90346002B90
:10BF3C0008D0FB6820225A65FB68002283F8502049
:10BF4C0001231DE0FB689B68002B0AD100233B6199
:10BF5C00FB681B68DB683B61FB681B689B683B618B
:10BF6C003B69FB68012283F85120FB68002283F8AF
:10BF7C005020FB685B6D002B01D0012300E00023F7
:10BF8C0018462837BD4680BD80B588B000AFF86034
:10BF9C00B9603B601346FB71FDF742FA0246BB6A7F
:10BFAC009B1A3A681344FB61FDF73AFAB861394BB6
:10BFBC001B685B011B0DFA6902FB03F37B6154E008
:10BFCC003B68B3F1FF3F50D0FDF72AFA0246BB693C
:10BFDC00D31AFA699A4202D9FB69002B3DD1FB684E
:10BFEC001B685A68FB681B6822F0E0025A60FB6809
:10BFFC005B68B3F5827F11D1FB689B68B3F5004F8A
:10C00C0004D0FB689B68B3F5806F07D1FB681B6895
:10C01C001A68FB681B6822F040021A60FB689B6A76
:10C02C00B3F5005F0FD1FB681B681A68FB681B68CF
:10C03C0022F400521A60FB681B681A68FB681B68C4
:10C04C0042F400521A60FB68012283F85120FB680D
:10C05C00002283F85020032317E07B69002B01D1C9
:10C06C000023FB617B69013B7B61FB681B689A6861
:10C07C00BB681340BA689A420CBF01230023DBB2A1
:10C08C001A46FB799A429BD1002318462037BD46AD
:10C09C0080BD00BF0400002080B586B002AFF86000
:10C0AC00B9607A60FB685B68B3F5827F11D1FB687D
:10C0BC009B68B3F5004F04D0FB689B68B3F5806FA9
:10C0CC0007D1FB681B681A68FB681B6822F04002EA
:10C0DC001A60FB685B68B3F5827F17D1FB689B68BD
:10C0EC00B3F5806F12D17B680093BB6800220121ED
:10C0FC00F868FFF749FF0346002B1AD0FB685B6D0D
:10C10C0043F02002FB685A65032313E07B6800931D
:10C11C00BB6800228021F868FFF736FF0346002B2E
:10C12C0007D0FB685B6D43F02002FB685A65032364
:10C13C0000E0002318461037BD4680BD80B586B0A0
:10C14C0002AFF860B9607A607B680093BB6801222B
:10C15C000221F868FFF718FF0346002B07D0FB6895
:10C16C005B6D43F02002FB685A65032313E07B6888
:10C17C000093BB6800228021F868FFF705FF034697
:10C18C00002B07D0FB685B6D43F02002FB685A65FF
:10C19C00032300E0002318461037BD4680BD80B550
:10C1AC0082B000AF78607B68002B01D1012341E0A5
:10C1BC007B6893F83D30DBB2002B06D17B68002204
:10C1CC0083F83C207868FCF709FB7B68022283F833
:10C1DC003D207B681A687B6804331946104601F0D1
:10C1EC000DFA7B68012283F846207B68012283F8D4
:10C1FC003E207B68012283F83F207B68012283F874
:10C20C0040207B68012283F841207B68012283F85F
:10C21C0042207B68012283F843207B68012283F84B
:10C22C0044207B68012283F845207B68012283F837
:10C23C003D20002318460837BD4680BD80B582B02E
:10C24C0000AF78607B68002B01D1012341E07B6853
:10C25C0093F83D30DBB2002B06D17B68002283F8CB
:10C26C003C20786800F039F87B68022283F83D2086
:10C27C007B681A687B6804331946104601F0BEF9D6
:10C28C007B68012283F846207B68012283F83E20DC
:10C29C007B68012283F83F207B68012283F84020D1
:10C2AC007B68012283F841207B68012283F84220BD
:10C2BC007B68012283F843207B68012283F84420A9
:10C2CC007B68012283F845207B68012283F83D209E
:10C2DC00002318460837BD4680BD80B483B000AF3C
:10C2EC00786000BF0C37BD4680BC704780B584B009
:10C2FC0000AF786039603B68002B09D17B6893F8FC
:10C30C003E30DBB2012B14BF01230023DBB222E051
:10C31C003B68042B09D17B6893F83F30DBB2012BCF
:10C32C0014BF01230023DBB215E03B68082B09D1B5
:10C33C007B6893F84030DBB2012B14BF0123002340
:10C34C00DBB208E07B6893F84130DBB2012B14BF01
:10C35C0001230023DBB2002B01D001235EE03B68FC
:10C36C00002B04D17B68022283F83E2013E03B684B
:10C37C00042B04D17B68022283F83F200BE03B683E
:10C38C00082B04D17B68022283F8402003E07B68F1
:10C39C00022283F841207B681B6801223968184609
:10C3AC0001F057FD7B681B681E4A934207D17B68DE
:10C3BC001B685A6C7B681B6842F400425A647B68A9
:10C3CC001B68184A93420ED07B681B68B3F1804FF0
:10C3DC0009D07B681B68144A934204D07B681B68A5
:10C3EC00124A934211D17B681B689B6803F00703C8
:10C3FC00FB60FB68062B10D07B681B681A687B6897
:10C40C001B6842F001021A6007E07B681B681A681F
:10C41C007B681B6842F001021A6000231846103733
:10C42C00BD4680BD002C01400004004000080040C7
:10C43C0080B582B000AF786039607B681B680022E1
:10C44C003968184601F005FD7B681B68294A934240
:10C45C0017D17B681B681A6A41F211131340002B29
:10C46C000FD17B681B681A6A40F244431340002BBF
:10C47C0007D17B681B685A6C7B681B6822F40042EE
:10C48C005A647B681B681A6A41F211131340002B23
:10C49C000FD17B681B681A6A40F244431340002B8F
:10C4AC0007D17B681B681A687B681B6822F0010245
:10C4BC001A603B68002B04D17B68012283F83E2074
:10C4CC0013E03B68042B04D17B68012283F83F20E6
:10C4DC000BE03B68082B04D17B68012283F84020D9
:10C4EC0003E07B68012283F84120002318460837BB
:10C4FC00BD4680BD002C014080B586B000AFF86011
:10C50C00B9607A607B800023FB75BB68002B09D176
:10C51C00FB6893F83E30DBB2022B0CBF01230023E7
:10C52C00DBB222E0BB68042B09D1FB6893F83F30E7
:10C53C00DBB2022B0CBF01230023DBB215E0BB687E
:10C54C00082B09D1FB6893F84030DBB2022B0CBFEF
:10C55C0001230023DBB208E0FB6893F84130DBB227
:10C56C00022B0CBF01230023DBB2002B01D00223D2
:10C57C0053E1BB68002B09D1FB6893F83E30DBB26A
:10C58C00012B0CBF01230023DBB222E0BB68042B80
:10C59C0009D1FB6893F83F30DBB2012B0CBF0123B0
:10C5AC000023DBB215E0BB68082B09D1FB6893F8BC
:10C5BC004030DBB2012B0CBF01230023DBB208E0BF
:10C5CC00FB6893F84130DBB2012B0CBF0123002335
:10C5DC00DBB2002B24D07B68002B02D07B88002B95
:10C5EC0001D1012319E1BB68002B04D1FB680222A5
:10C5FC0083F83E2016E0BB68042B04D1FB680222B2
:10C60C0083F83F200EE0BB68082B04D1FB680222A4
:10C61C0083F8402006E0FB68022283F8412001E009
:10C62C000123FAE0BB680C2B00F2AE8001A252F899
:10C63C0023F000BF75C6000895C7000895C7000811
:10C64C0095C70008BDC6000895C7000895C7000827
:10C65C0095C7000805C7000895C7000895C70008CE
:10C66C0095C700084DC70008FB685B6A6D4A9A6263
:10C67C00FB685B6A6C4ADA62FB685B6A6B4A1A633A
:10C68C00FB68586A7968FB681B6834331A467B88E8
:10C69C00FDF75CF80346002B01D00123BDE0FB68DD
:10C6AC001B68DA68FB681B6842F40072DA606EE0A3
:10C6BC00FB689B6A5B4A9A62FB689B6A5A4ADA621D
:10C6CC00FB689B6A594A1A63FB68986A7968FB682D
:10C6DC001B6838331A467B88FDF738F80346002B65
:10C6EC0001D0012399E0FB681B68DA68FB681B68C2
:10C6FC0042F48062DA604AE0FB68DB6A494A9A627B
:10C70C00FB68DB6A484ADA62FB68DB6A474A1A63F1
:10C71C00FB68D86A7968FB681B683C331A467B88CF
:10C72C00FDF714F80346002B01D0012375E0FB68DC
:10C73C001B68DA68FB681B6842F40062DA6026E06A
:10C74C00FB681B6B374A9A62FB681B6B364ADA62D2
:10C75C00FB681B6B354A1A63FB68186B7968FB68BE
:10C76C001B6840331A467B88FCF7F0FF0346002B0E
:10C77C0001D0012351E0FB681B68DA68FB681B6879
:10C78C0042F48052DA6002E00123FB7500BFFB7DAE
:10C79C00002B41D1FB681B680122B968184601F0D7
:10C7AC0058FBFB681B68224A934207D1FB681B6845
:10C7BC005A6CFB681B6842F400425A64FB681B68A5
:10C7CC001B4A93420ED0FB681B68B3F1804F09D013
:10C7DC00FB681B68174A934204D0FB681B68164A17
:10C7EC00934211D1FB681B689B6803F007033B6104
:10C7FC003B69062B10D0FB681B681A68FB681B682A
:10C80C0042F001021A6007E0FB681B681A68FB68BB
:10C81C001B6842F001021A60FB7D18461837BD46B2
:10C82C0080BD00BFF9D40008A1D5000867D400086A
:10C83C00002C0140000400400008004080B582B08C
:10C84C0000AF78607B68002B01D1012341E07B684D
:10C85C0093F83D30DBB2002B06D17B68002283F8C5
:10C86C003C20786800F039F87B68022283F83D2080
:10C87C007B681A687B6804331946104600F0BEFECC
:10C88C007B68012283F846207B68012283F83E20D6
:10C89C007B68012283F83F207B68012283F84020CB
:10C8AC007B68012283F841207B68012283F84220B7
:10C8BC007B68012283F843207B68012283F84420A3
:10C8CC007B68012283F845207B68012283F83D2098
:10C8DC00002318460837BD4680BD80B483B000AF36
:10C8EC00786000BF0C37BD4680BC704780B584B003
:10C8FC0000AF786039600023FB733B68002B04D1D8
:10C90C007B6893F83E30DBB213E03B68042B04D118
:10C91C007B6893F83F30DBB20BE03B68082B04D10B
:10C92C007B6893F84030DBB203E07B6893F84130CE
:10C93C00DBB2BB733B68002B04D17B6893F84230AD
:10C94C00DBB213E03B68042B04D17B6893F84330D3
:10C95C00DBB20BE03B68082B04D17B6893F84430C6
:10C96C00DBB203E07B6893F84530DBB27B73BB7BB7
:10C97C00012B02D17B7B012B01D00123B8E03B685A
:10C98C00002B04D17B68022283F83E2013E03B6825
:10C99C00042B04D17B68022283F83F200BE03B6818
:10C9AC00082B04D17B68022283F8402003E07B68CB
:10C9BC00022283F841203B68002B04D17B680222C1
:10C9CC0083F8422013E03B68042B04D17B680222DD
:10C9DC0083F843200BE03B68082B04D17B680222D0
:10C9EC0083F8442003E07B68022283F845203B68EF
:10C9FC000C2B41D801A252F823F000BF3DCA00080D
:10CA0C0085CA000885CA000885CA00084FCA0008F4
:10CA1C0085CA000885CA000885CA000861CA0008D2
:10CA2C0085CA000885CA000885CA000873CA0008B0
:10CA3C007B681B68DA687B681B6842F00202DA606C
:10CA4C001DE07B681B68DA687B681B6842F0040297
:10CA5C00DA6014E07B681B68DA687B681B6842F05C
:10CA6C000802DA600BE07B681B68DA687B681B687D
:10CA7C0042F01002DA6002E00123FB7300BFFB7B83
:10CA8C00002B34D17B681B6801223968184601F0F1
:10CA9C00E0F97B681B68184A93420ED07B681B68D0
:10CAAC00B3F1804F09D07B681B68144A934204D0C1
:10CABC007B681B68124A934211D17B681B689B6888
:10CACC0003F00703BB60BB68062B10D07B681B68A8
:10CADC001A687B681B6842F001021A6007E07B68E9
:10CAEC001B681A687B681B6842F001021A60FB7BAA
:10CAFC0018461037BD4680BD002C01400004004094
:10CB0C000008004080B586B000AF786039607B6863
:10CB1C00002B01D1012393E07B6893F83D30DBB20D
:10CB2C00002B06D17B68002283F83C207868FBF749
:10CB3C00EDFE7B68022283F83D207B681B689B68B6
:10CB4C007A68126823F4804323F0070393607B68B0
:10CB5C001A687B6804331946104600F04FFD7B6859
:10CB6C001B689B687B617B681B689B693B617B686E
:10CB7C001B681B6AFB603B681B687A6913437B610B
:10CB8C003B6923F4407323F003033B613B689A68D1
:10CB9C003B689B691B0213433A6913433B613B6936
:10CBAC0023F4406323F00C033B613B6923F4704393
:10CBBC0023F0F0033B613B68DA683B68DB691B02DE
:10CBCC0013433A6913433B613B681B691A013B6889
:10CBDC001B6A1B0313433A6913433B61FB6823F045
:10CBEC002203FB603B685A683B685B691B0113437B
:10CBFC00FA681343FB607B681B687A699A607B68F0
:10CC0C001B683A699A617B681B68FA681A627B68D0
:10CC1C00012283F846207B68012283F83E207B6842
:10CC2C00012283F83F207B68012283F842207B6835
:10CC3C00012283F843207B68012283F83D200023E6
:10CC4C0018461837BD4680BD80B584B000AF7860FB
:10CC5C0039607B6893F83E30FB737B6893F83F3008
:10CC6C00BB737B6893F842307B737B6893F84330DB
:10CC7C003B733B68002B10D1FB7B012B02D17B7BE0
:10CC8C00012B01D0012369E07B68022283F83E204E
:10CC9C007B68022283F8422031E03B68042B10D1E0
:10CCAC00BB7B012B02D13B7B012B01D0012355E037
:10CCBC007B68022283F83F207B68022283F84320A2
:10CCCC001DE0FB7B012B08D1BB7B012B05D17B7BB2
:10CCDC00012B02D13B7B012B01D001233EE07B6871
:10CCEC00022283F83E207B68022283F83F207B6877
:10CCFC00022283F842207B68022283F843203B689F
:10CD0C00002B03D03B68042B08D00FE07B681B681A
:10CD1C0001220021184601F09CF816E07B681B6884
:10CD2C0001220421184601F094F80EE07B681B6880
:10CD3C0001220021184601F08CF87B681B68012247
:10CD4C000421184601F085F800BF7B681B681A683F
:10CD5C007B681B6842F001021A60002318461037EA
:10CD6C00BD4680BD80B584B000AF78607B681B6821
:10CD7C00DB68FB607B681B681B69BB60BB6803F0EE
:10CD8C000203002B20D0FB6803F00203002B1BD006
:10CD9C007B681B686FF002021A617B6801221A77AC
:10CDAC007B681B689B6903F00303002B03D0786836
:10CDBC00F5F73AFB05E0786800F034FB7868F5F796
:10CDCC00CBFB7B6800221A77BB6803F00403002BB3
:10CDDC0020D0FB6803F00403002B1BD07B681B687E
:10CDEC006FF004021A617B6802221A777B681B6859
:10CDFC009B6903F44073002B03D07868F5F714FBA0
:10CE0C0005E0786800F00EFB7868F5F7A5FB7B6809
:10CE1C0000221A77BB6803F00803002B20D0FB68B4
:10CE2C0003F00803002B1BD07B681B686FF0080213
:10CE3C001A617B6804221A777B681B68DB6903F034
:10CE4C000303002B03D07868F5F7EEFA05E0786859
:10CE5C0000F0E8FA7868F5F77FFB7B6800221A7718
:10CE6C00BB6803F01003002B20D0FB6803F0100309
:10CE7C00002B1BD07B681B686FF010021A617B685B
:10CE8C0008221A777B681B68DB6903F44073002B5C
:10CE9C0003D07868F5F7C8FA05E0786800F0C2FAB4
:10CEAC007868F5F759FB7B6800221A77BB6803F0AA
:10CEBC000103002B0CD0FB6803F00103002B07D0FF
:10CECC007B681B686FF001021A61786800F0A1FAA8
:10CEDC00BB6803F08003002B0CD0FB6803F08003CD
:10CEEC00002B07D07B681B686FF080021A61786892
:10CEFC0001F08CF8BB6803F04003002B0CD0FB68EE
:10CF0C0003F04003002B07D07B681B686FF04002D6
:10CF1C001A61786800F08FFABB6803F02003002BCD
:10CF2C000CD0FB6803F02003002B07D07B681B6838
:10CF3C006FF020021A61786801F05FF800BF1037BB
:10CF4C00BD4680BD80B586B000AFF860B9607A6030
:10CF5C000023FB75FB6893F83C30012B01D10223B5
:10CF6C0088E0FB68012283F83C207B68002B1BD1F6
:10CF7C00FB681868BB681968BB685A68BB68DB68D3
:10CF8C0000F0C4FDFB681B689A69FB681B6822F003
:10CF9C000C029A61FB681B689969BB689A68FB680C
:10CFAC001B680A439A6160E07B68042B1CD1FB6808
:10CFBC001868BB681968BB685A68BB68DB6800F006
:10CFCC002DFEFB681B689A69FB681B6822F44062A3
:10CFDC009A61FB681B689969BB689B681A02FB68BD
:10CFEC001B680A439A6140E07B68082B1BD1FB68E5
:10CFFC001868BB681968BB685A68BB68DB6800F0C6
:10D00C0078FEFB681B68DA69FB681B6822F00C026F
:10D01C00DA61FB681B68D969BB689A68FB681B6896
:10D02C000A43DA6121E07B680C2B1CD1FB68186881
:10D03C00BB681968BB685A68BB68DB6800F094FE73
:10D04C00FB681B68DA69FB681B6822F44062DA61D2
:10D05C00FB681B68D969BB689B681A02FB681B6874
:10D06C000A43DA6101E00123FB75FB68002283F8B7
:10D07C003C20FB7D18461837BD4680BD80B586B078
:10D08C0000AFF860B9607A600023FB75FB6893F819
:10D09C003C30012B01D10223AEE0FB68012283F866
:10D0AC003C207B680C2B00F29F8001A252F823F0ED
:10D0BC00F1D00008F5D10008F5D10008F5D1000831
:10D0CC0031D10008F5D10008F5D10008F5D10008E0
:10D0DC0073D10008F5D10008F5D10008F5D100088E
:10D0EC00B3D10008FB681B68B968184600F0F4FA65
:10D0FC00FB681B689A69FB681B6842F008029A611E
:10D10C00FB681B689A69FB681B6822F004029A6131
:10D11C00FB681B689969BB681A69FB681B680A4342
:10D12C009A6164E0FB681B68B968184600F03AFB2A
:10D13C00FB681B689A69FB681B6842F400629A6181
:10D14C00FB681B689A69FB681B6822F480629A6111
:10D15C00FB681B689969BB681B691A02FB681B6832
:10D16C000A439A6143E0FB681B68B968184600F0F3
:10D17C0083FBFB681B68DA69FB681B6842F00802DA
:10D18C00DA61FB681B68DA69FB681B6822F0040231
:10D19C00DA61FB681B68D969BB681A69FB681B6894
:10D1AC000A43DA6123E0FB681B68B968184600F093
:10D1BC00CDFBFB681B68DA69FB681B6842F40062F4
:10D1CC00DA61FB681B68DA69FB681B6822F4806211
:10D1DC00DA61FB681B68D969BB681B691A02FB68BA
:10D1EC001B680A43DA6102E00123FB7500BFFB6890
:10D1FC00002283F83C20FB7D18461837BD4680BDC5
:10D20C0080B584B000AF786039600023FB737B6815
:10D21C0093F83C30012B01D10223B4E07B6801224E
:10D22C0083F83C207B68022283F83D207B681B68D6
:10D23C009B68BB60BB6823F07703BB60BB6823F4BF
:10D24C007F43BB607B681B68BA689A603B681B684D
:10D25C00B3F5005F3ED0B3F5005F00F28780B3F505
:10D26C00805F00F08680B3F5805F7FD8702B1AD07A
:10D27C00702B7BD8602B50D0602B77D8502B3CD0A8
:10D28C00502B73D8402B58D0402B6FD8302B64D0F8
:10D29C00302B6BD8202B60D0202B67D8002B5CD088
:10D2AC00102B5AD062E07B6818683B6899683B6821
:10D2BC005A683B68DB6800F0ADFD7B681B689B68B7
:10D2CC00BB60BB6843F07703BB607B681B68BA68C4
:10D2DC009A604FE07B6818683B6899683B685A68AD
:10D2EC003B68DB6800F096FD7B681B689A687B687E
:10D2FC001B6842F480429A603CE07B6818683B688B
:10D30C0059683B68DB681A4600F05AFC7B681B685E
:10D31C005021184600F064FD2CE07B6818683B68CF
:10D32C0059683B68DB681A4600F0B4FC7B681B68E4
:10D33C006021184600F054FD1CE07B6818683B68BF
:10D34C0059683B68DB681A4600F03AFC7B681B683E
:10D35C004021184600F044FD0CE07B681A683B68DD
:10D36C001B681946104600F03BFD03E00123FB73DC
:10D37C0000E000BF7B68012283F83D207B6800221F
:10D38C0083F83C20FB7B18461037BD4680BD80B52A
:10D39C0082B000AF786039607B6893F83C30012B29
:10D3AC0001D1022331E07B68012283F83C207B68A9
:10D3BC00022283F83D203968786800F015FB03469B
:10D3CC00002B09D07B68012283F83D207B6800226A
:10D3DC0083F83C20012318E07B681B68DA687B68C3
:10D3EC001B6822F04002DA607B681B68DA687B6895
:10D3FC001B6822F48042DA607B68012283F83D20AE
:10D40C007B68002283F83C20002318460837BD4671
:10D41C0080BD80B483B000AF786000BF0C37BD46D0
:10D42C0080BC704780B483B000AF786000BF0C370D
:10D43C00BD4680BC704780B483B000AF786000BF3D
:10D44C000C37BD4680BC704780B483B000AF7860A9
:10D45C0000BF0C37BD4680BC704780B584B000AFB0
:10D46C0078607B685B6AFB60FB685B6A7A689A42EF
:10D47C0007D1FB6801221A77FB68012283F83E2052
:10D48C002AE0FB689B6A7A689A4207D1FB68022201
:10D49C001A77FB68012283F83F201DE0FB68DB6AEA
:10D4AC007A689A4207D1FB6804221A77FB6801223A
:10D4BC0083F8402010E0FB681B6B7A689A4207D116
:10D4CC00FB6808221A77FB68012283F8412003E0ED
:10D4DC00FB68012283F83D20F868FFF7B5FFFB6875
:10D4EC0000221A7700BF1037BD4680BD80B584B0CE
:10D4FC0000AF78607B685B6AFB60FB685B6A7A688C
:10D50C009A420BD1FB6801221A777B689B69002B2E
:10D51C0036D1FB68012283F83E2031E0FB689B6A20
:10D52C007A689A420BD1FB6802221A777B689B6956
:10D53C00002B25D1FB68012283F83F2020E0FB68FB
:10D54C00DB6A7A689A420BD1FB6804221A777B68F3
:10D55C009B69002B14D1FB68012283F840200FE05B
:10D56C00FB681B6B7A689A420AD1FB6808221A770F
:10D57C007B689B69002B03D1FB68012283F8412057
:10D58C00F868F4F7E9FFFB6800221A7700BF103740
:10D59C00BD4680BD80B584B000AF78607B685B6AA7
:10D5AC00FB60FB685B6A7A689A4203D1FB680122D4
:10D5BC001A7719E0FB689B6A7A689A4203D1FB6878
:10D5CC0002221A7710E0FB68DB6A7A689A4203D170
:10D5DC00FB6804221A7707E0FB681B6B7A689A4297
:10D5EC0002D1FB6808221A77F868F4F73DFFFB6854
:10D5FC0000221A7700BF1037BD4680BD80B485B0BD
:10D60C0000AF786039607B681B68FB607B682F4AD1
:10D61C0093420BD07B68B3F1804F07D07B682C4AC8
:10D62C00934203D07B682B4A934208D1FB6823F0CA
:10D63C007003FB603B685B68FA681343FB607B68B4
:10D64C00224A93420BD07B68B3F1804F07D07B68A2
:10D65C001F4A934203D07B681E4A934208D1FB6851
:10D66C0023F44073FB603B68DB68FA681343FB6090
:10D67C00FB6823F080023B685B691343FB607B68AB
:10D68C00FA681A603B689A687B68DA623B681A68C9
:10D69C007B689A627B680D4A934203D13B681A6996
:10D6AC007B681A637B6801225A617B681B6903F0F3
:10D6BC000103002B05D07B681B6923F001027B68FA
:10D6CC001A6100BF1437BD4680BC7047002C014066
:10D6DC00000400400008004080B487B000AF7860C0
:10D6EC0039607B681B6A7B617B681B6A23F00102D3
:10D6FC007B681A627B685B683B617B689B69FB603B
:10D70C00FB6823F07003FB60FB6823F00303FB60F2
:10D71C003B681B68FA681343FB607B6923F00203C8
:10D72C007B613B689B687A6913437B617B681C4A0D
:10D73C0093420CD17B6923F008037B613B68DB6867
:10D74C007A6913437B617B6923F004037B617B68FB
:10D75C00134A934211D13B6923F480733B613B69BB
:10D76C0023F400733B613B685B693A6913433B618B
:10D77C003B689B693A6913433B617B683A695A6021
:10D78C007B68FA689A613B685A687B685A637B6865
:10D79C007A691A6200BF1C37BD4680BC704700BF57
:10D7AC00002C014080B487B000AF786039607B6892
:10D7BC001B6A7B617B681B6A23F010027B681A6210
:10D7CC007B685B683B617B689B69FB60FB6823F44F
:10D7DC00E043FB60FB6823F44073FB603B681B6811
:10D7EC001B02FA681343FB607B6923F020037B6107
:10D7FC003B689B681B017A6913437B617B681D4AFC
:10D80C0093420DD17B6923F080037B613B68DB681D
:10D81C001B017A6913437B617B6923F040037B61B5
:10D82C007B68144A934213D13B6923F480633B61B8
:10D83C003B6923F400633B613B685B699B003A697D
:10D84C0013433B613B689B699B003A6913433B6103
:10D85C007B683A695A607B68FA689A613B685A68D7
:10D86C007B689A637B687A691A6200BF1C37BD4675
:10D87C0080BC7047002C014080B487B000AF78604A
:10D88C0039607B681B6A7B617B681B6A23F480723E
:10D89C007B681A627B685B683B617B68DB69FB6059
:10D8AC00FB6823F07003FB60FB6823F00303FB6051
:10D8BC003B681B68FA681343FB607B6923F40073B5
:10D8CC007B613B689B681B027A6913437B617B68B5
:10D8DC001D4A93420DD17B6923F400637B613B6845
:10D8EC00DB681B027A6913437B617B6923F48063D9
:10D8FC007B617B68144A934213D13B6923F48053B8
:10D90C003B613B6923F400533B613B685B691B0142
:10D91C003A6913433B613B689B691B013A691343AA
:10D92C003B617B683A695A607B68FA68DA613B68EC
:10D93C005A687B68DA637B687A691A6200BF1C37A5
:10D94C00BD4680BC704700BF002C014080B487B03E
:10D95C0000AF786039607B681B6A3B617B681B6A2F
:10D96C0023F480527B681A627B685B687B617B68FE
:10D97C00DB69FB60FB6823F4E043FB60FB6823F48A
:10D98C004073FB603B681B681B02FA681343FB6027
:10D99C003B6923F400533B613B689B681B033A696A
:10D9AC0013433B617B680F4A934209D17B6923F493
:10D9BC0080437B613B685B699B017A6913437B61A4
:10D9CC007B687A695A607B68FA68DA613B685A68E6
:10D9DC007B681A647B683A691A6200BF1C37BD46C3
:10D9EC0080BC7047002C014080B586B000AF7860D9
:10D9FC0039600023FB757B681B689B683B613B6946
:10DA0C0023F070033B613B685B683A6913433B61ED
:10DA1C003B6923F007033B613B681B683A6913437E
:10DA2C003B617B681B683A699A603B685B68702B4A
:10DA3C001AD0702B60D8602B54D0602B5CD8502B34
:10DA4C0046D0502B58D8402B19D0402B54D8302BC3
:10DA5C0055D0302B50D8202B51D0202B4CD8002B0C
:10DA6C004DD0102B4BD047E07B6818683B68D968C9
:10DA7C003B689A683B681B6900F0CCF940E03B6856
:10DA8C001B68052B01D101233BE07B681B681B6ADB
:10DA9C00FB607B681B681A6A7B681B6822F00102BA
:10DAAC001A627B681B689B69BB60BB6823F0F00340
:10DABC00BB603B681B691B01BA681343BB607B6886
:10DACC001B68BA689A617B681B68FA681A6217E06F
:10DADC007B6818683B6899683B681B691A4600F0BC
:10DAEC006FF80DE07B6818683B6899683B681B69A8
:10DAFC001A4600F0CFF803E00123FB7500E000BFED
:10DB0C00FB7D18461837BD4680BD000080B487B039
:10DB1C0000AFF860B9607A603B60FB681B6A3B61E0
:10DB2C00FB681B6A23F00102FB681A62FB689B69A5
:10DB3C007B61FB681F4A93420BD0FB68B3F1804FAB
:10DB4C0007D0FB681C4A934203D0FB681B4A9342E4
:10DB5C0001D1012300E00023002B08D07B6923F0C6
:10DB6C0003037B617A697B6813437B6103E07B6908
:10DB7C0043F001037B617B6923F0F0037B613B681D
:10DB8C001B01DBB27A6913437B613B6923F00A0307
:10DB9C003B61BB6803F00A033A6913433B61FB68C2
:10DBAC007A699A61FB683A691A6200BF1C37BD46F4
:10DBBC0080BC7047002C014000040040000800406D
:10DBCC0080B487B000AFF860B9607A60FB681B6AFC
:10DBDC007B61FB681B6A23F00102FB681A62FB681D
:10DBEC009B693B613B6923F0F0033B617B681B0144
:10DBFC003A6913433B617B6923F00A037B617A69C1
:10DC0C00BB6813437B61FB683A699A61FB687A696C
:10DC1C001A6200BF1C37BD4680BC704780B487B009
:10DC2C0000AFF860B9607A603B60FB681B6A7B618F
:10DC3C00FB681B6A23F01002FB681A62FB689B6985
:10DC4C003B613B6923F440733B617B681B023A697F
:10DC5C0013433B613B6923F470433B613B681B03FB
:10DC6C009BB23A6913433B617B6923F0A0037B6150
:10DC7C00BB681B0103F0A0037A6913437B61FB684B
:10DC8C003A699A61FB687A691A6200BF1C37BD4613
:10DC9C0080BC704780B487B000AFF860B9607A6020
:10DCAC00FB681B6A7B61FB681B6A23F01002FB6834
:10DCBC001A62FB689B693B613B6923F470433B61CF
:10DCCC007B681B033A6913433B617B6923F0A00318
:10DCDC007B61BB681B017A6913437B61FB683A6902
:10DCEC009A61FB687A691A6200BF1C37BD4680BC1A
:10DCFC00704780B487B000AFF860B9607A603B6061
:10DD0C00FB681B6A7B61FB681B6A23F48072FB68EF
:10DD1C001A62FB68DB693B613B6923F003033B61DF
:10DD2C003A697B6813433B613B6923F0F0033B6129
:10DD3C003B681B01DBB23A6913433B617B6923F4FB
:10DD4C0000737B61BB681B0203F400737A69134395
:10DD5C007B61FB683A69DA61FB687A691A6200BF19
:10DD6C001C37BD4680BC704780B487B000AFF860EC
:10DD7C00B9607A603B60FB681B6A7B61FB681B6A5D
:10DD8C0023F48052FB681A62FB68DB693B613B69D8
:10DD9C0023F440733B617B681B023A6913433B617C
:10DDAC003B6923F470433B613B681B039BB23A69AC
:10DDBC0013433B617B6923F400537B61BB681B03FA
:10DDCC0003F400537A6913437B61FB683A69DA61A7
:10DDDC00FB687A691A6200BF1C37BD4680BC70476D
:10DDEC0080B485B000AF786039607B689B68FB605D
:10DDFC00FB6823F07003FB603A68FB68134343F045
:10DE0C000703FB607B68FA689A6000BF1437BD4655
:10DE1C0080BC704780B487B000AFF860B9607A609E
:10DE2C003B60FB689B687B617B6923F47F437B6170
:10DE3C003B681A027B681A43BB6813437A69134325
:10DE4C007B61FB687A699A6000BF1C37BD4680BC59
:10DE5C00704780B487B000AFF860B9607A60BB6877
:10DE6C0003F01F03012202FA03F37B61FB681A6AB9
:10DE7C007B69DB431A40FB681A62FB681A6ABB6851
:10DE8C0003F01F03796801FA03F31A43FB681A6263
:10DE9C0000BF1C37BD4680BC7047000080B485B005
:10DEAC0000AF786039607B6893F83C30012B01D16E
:10DEBC00022346E07B68012283F83C207B68022227
:10DECC0083F83D207B681B685B68FB607B681B6884
:10DEDC009B68BB60FB6823F07003FB603B681B68AE
:10DEEC00FA681343FB607B681B68FA685A607B68AE
:10DEFC001B68164A93420ED07B681B68B3F1804FA7
:10DF0C0009D07B681B68124A934204D07B681B685B
:10DF1C00104A93420CD1BB6823F08003BB603B6872
:10DF2C005B68BA681343BB607B681B68BA689A600D
:10DF3C007B68012283F83D207B68002283F83C201B
:10DF4C00002318461437BD4680BC7047002C014096
:10DF5C00000400400008004080B485B000AF786039
:10DF6C0039600023FB607B6893F83C30012B01D1B6
:10DF7C0002233DE07B68012283F83C20FB6823F000
:10DF8C00FF023B68DB681343FB60FB6823F44072C1
:10DF9C003B689B681343FB60FB6823F480623B681F
:10DFAC005B681343FB60FB6823F400623B681B68EF
:10DFBC001343FB60FB6823F480523B681B691343DB
:10DFCC00FB60FB6823F400523B685B691343FB6006
:10DFDC00FB6823F480423B68DB691343FB607B687E
:10DFEC001B68FA685A647B68002283F83C20002383
:10DFFC0018461437BD4680BC704780B483B000AF60
:10E00C00786000BF0C37BD4680BC704780B483B0CD
:10E01C0000AF786000BF0C37BD4680BC7047000075
:10E02C0080B584B000AF0346FB80194B5B680133AD
:10E03C00184AA2FB03239B09FB60FBF7F1F903468B
:10E04C004FF47A7203FB02F2114B9968FB68B1FB37
:10E05C00F3F3D31A03F57A73BB6000BFFBF7E0F957
:10E06C0003464FF47A7203FB02F2094B9968FB6882
:10E07C00B1FBF3F3D21ABB68D31A03F57A72FB889F
:10E08C009A42EBD300BF00BF1037BD4680BD00BF26
:10E09C0010E000E0D34D621080B582B000AF0346B3
:10E0AC00FB71FB791846FBF7C5F900BF0837BD4675
:10E0BC0080BD000080B582B000AF02E00120FFF708
:10E0CC00EBFFFBF7ADF90346C72BF7D9224B002228
:10E0DC009A70214B0022DA70032000F0C3F905205E
:10E0EC00FFF7DAFF032000F0BDF90520FFF7D4FF9E
:10E0FC00032000F0B7F90520FFF7CEFF022000F057
:10E10C00B1F90520FFF7C8FF0023FB71FB7943F041
:10E11C000803FB71FB7943F02003DBB2184600F0D7
:10E12C0065F90D4B04221A70012000F021F800F063
:10E13C0015F8094B02225A70074B5B78DBB243F09F
:10E14C000403DBB2184600F051F90520FFF7A4FFD9
:10E15C0000BF0837BD4680BD9C07002080B500AFCE
:10E16C00012000F043F90520FFF796FF00BF80BDAA
:10E17C0080B582B000AF0346FB71FB79002B08D051
:10E18C000E4B1B78DBB243F00403DAB20B4B1A7064
:10E19C0007E00A4B1B78DBB223F00403DAB2074B1F
:10E1AC001A70064B1B78DBB243F00803DBB218463F
:10E1BC0000F01CF900BF0837BD4680BD9C0700204D
:10E1CC0080B584B000AF03460A46FB711346BB71A1
:10E1DC00114BFB60BB79012B01D90023BB710F4A9A
:10E1EC00FB7993700D4ABB79D370BB7910333B44E8
:10E1FC0013F8042CFB791344DBB25BB263F07F039E
:10E20C005BB2DBB2184600F0F1F80220FFF744FFD6
:10E21C0000BF1037BD4680BD004014549C07002041
:10E22C0080B582B000AF0346FB71FB79002B08D0A0
:10E23C000E4B1B78DBB243F00103DAB20B4B1A70B6
:10E24C0007E00A4B1B78DBB223F00103DAB2074B71
:10E25C001A70064B1B78DBB243F00803DBB218468E
:10E26C0000F0C4F800BF0837BD4680BD9C070020F5
:10E27C0080B584B000AF03463960FB71FB7903F0C5
:10E28C000703FB7197F90730DB005BB243F04003E7
:10E29C005BB2DBB2184600F0A9F80023FB7309E06F
:10E2AC00FB7B3A6813441B78184600F0BDF8FB7BE7
:10E2BC000133FB73FB7B072BF2D900BF00BF103778
:10E2CC00BD4680BD80B582B000AF786049E0294B77
:10E2DC009B78DBB20F2B13D9264B00229A70254B5F
:10E2EC00DB78DBB20133DAB2224BDA70214B9B784C
:10E2FC00DBB2204AD278D2B211461846FFF760FF43
:10E30C007B681B780A2B11D11A4BDB78DBB20133FB
:10E31C00DAB2184BDA70174B9B78DBB2154AD2780D
:10E32C00D2B211461846FFF74BFF17E07B681B78FB
:10E33C000D2B07D10F4BDB78DBB219460020FFF712
:10E34C003FFF0BE07B681B78184600F06DF8094B1B
:10E35C009B78DBB20133DAB2064B9A707B680133DF
:10E36C007B607B681B78002BB1D100BF00BF0837E6
:10E37C00BD4680BD9C07002080B582B000AF03462F
:10E38C003A60FB710B46BB71BA79FB7911461846A2
:10E39C00FFF716FF3868FFF795FF00BF0837BD463B
:10E3AC0080BD80B582B000AF0346FB710B46BB71DC
:10E3BC0013467B71BA79FB7911461846FFF700FFBB
:10E3CC007B79184600F030F800BF0837BD4680BD99
:10E3DC0080B582B000AF0346FB71FB79184600F0A4
:10E3EC0023F800BF0837BD4680BD000080B582B061
:10E3FC0000AF0346FB71002240210A48FBF7D5FC15
:10E40C00FB791B09DBB2184600F02CF8FB7903F002
:10E41C000F03DBB2184600F025F800BF0837BD46E5
:10E42C0080BD00BF0008014080B582B000AF03463C
:10E43C00FB71012240210A48FBF7B7FCFB791B0951
:10E44C00DBB2184600F00EF8FB7903F00F03DBB2D9
:10E45C00184600F007F800BF0837BD4680BD00BF66
:10E46C000008014080B582B000AF0346FB71FB7918
:10E47C0003F00803DBB21A4602211948FBF795FC9E
:10E48C00FB7903F00403DBB21A4604211448FBF7B2
:10E49C008CFCFB7903F00203DBB21A46082110480E
:10E4AC00FBF783FCFB7903F00103DBB21A46102166
:10E4BC000B48FBF77AFC012220210948FBF775FC7D
:10E4CC009620FFF7ADFD002220210548FBF76DFCDF
:10E4DC009620FFF7A5FD00BF0837BD4680BD00BFE5
:10E4EC000008014080B586B000AF78603960102319
:10E4FC00FB7500224FF480514048FBF756FC4FF45B
:10E50C007A7304223E493F48FDF77CFA0346002B00
:10E51C0066D13B4B1B78002B0ED1394B5B78002B13
:10E52C000AD1374B9B78002B06D1354BDB78002B6F
:10E53C0002D11023FB7555E0314B5B7803F00103DE
:10E54C00002B42D12E4B1B781A062D4B5B781B04EB
:10E55C0013433B613B699B143B613A6913469B0037
:10E56C0013445B003B613B6902333B613B699B108D
:10E57C003B61234B9B781B06FB60FB681B15FB6008
:10E58C001F4BDB781B09DBB21A46FB681343FB609D
:10E59C00FA6813469B0013445B00FB60FB6808336E
:10E5AC00FB60FB681B11FB60154BDB7803F007036A
:10E5BC00FB75FB7D002B15D1FB681AB23B681A80EA
:10E5CC003B691AB27B681A800CE00D4BDB7803F0C8
:10E5DC000703FB75FB7D002B04D12023FB7501E0A9
:10E5EC000823FB7501224FF480510448FBF7DDFB37
:10E5FC00FB7D18461837BD4680BD00BF000C01409E
:10E60C00A0070020D805002000F000B800F04EB89C
:10E61C0038B5C1F30A54A4F2FF3CBCF1130F024607
:10E62C000B468E4614DCBCF1000F2DDB1E4941FA63
:10E63C000CF101EA0300104310D04FF40022002328
:10E64C0042FA0CF2724422EA010E7146184638BDA9
:10E65C00BCF1330F05DDBCF5806F1CD0104619469C
:10E66C0038BD4FF0FF31A4F21344E1400142F5D024
:10E67C000123CCF1330C03FA0CF31B1828BF0EF159
:10E68C00010E23EA0103E0E7BCF1FF3F01F0004E6D
:10E69C0004D00023D9E7F1F761FD38BD4EF07F5E61
:10E6AC0000234EF4401ED0E7FFFF0F00024B014643
:10E6BC00186800F049B900BF1000002070B50F4E6B
:10E6CC000C463168054611B900F0F4F8306021466B
:10E6DC00284600F0EFF8431C03D14FF0FF342046DE
:10E6EC0070BDC41C24F00304A042F8D0211A2846A3
:10E6FC0000F0E0F80130F2D1EFE700BFA4070020F2
:10E70C002DE9F843CD1C25F0030508350C2D38BF39
:10E71C000C25002D064601DBA94204D90C233360DD
:10E72C000020BDE8F883DFF8D48000F069F8D8F851
:10E73C0000301C4644BB29463046FFF7BFFF431C44
:10E74C00044658D1D8F800402746002F43D1002C5E
:10E75C004BD023683946304604EB030900F0AAF885
:10E76C00814542D1216830466D1A2946FFF7A6FF34
:10E77C0001303AD023682B442360D8F800305A6813
:10E78C0062BBC8F800700FE02268521B20D40B2A21
:10E79C0017D96119A342256018BF5960636808BF77
:10E7AC00C8F8001062514B60304600F02FF804F1AD
:10E7BC000B00231D20F00700C21A1CBF1B1AA3500C
:10E7CC00AFE76268A3420CBFC8F800205A60EBE7C1
:10E7DC0023466468AEE73C467F68B6E71A465B683A
:10E7EC00A342FBD100235360DEE70C233046336099
:10E7FC0000F00CF894E70560D6E700BFA8070020EE
:10E80C00014800F091B800BFE8080020014800F072
:10E81C008CB800BFE80800200EB46FF0004110B5B2
:10E82C0000249DB01FAB02900690079104910948FB
:10E83C00094953F8042B0591006802A901931B9414
:10E84C0000F02AF9029B1C701DB0BDE8104003B00B
:10E85C00704700BF100000200802FFFF10B50139FF
:10E86C000244904201D1002005E0037811F8014FD9
:10E87C00A34201D0181B10BD0130F2E7034602443D
:10E88C00934200D1704703F8011BF9E7034610B51A
:10E89C00013932B111F8014F013A03F8014B002C48
:10E8AC00F7D100211A44934200D110BD03F8011B8B
:10E8BC00F9E7000038B50023054D044608462B60E7
:10E8CC00FAF756F9431C02D12B6803B1236038BD0B
:10E8DC00E4080020014B1868704700BF10000020AE
:10E8EC0070B500260C4D0D4B5B1B9C10A64209D13C
:10E8FC00002600F0BFFB0A4D0A4B5B1B9C10A64286
:10E90C0005D170BD55F8043B98470136EEE755F834
:10E91C00043B98470136F2E798F5000898F5000893
:10E92C0098F50008A0F50008704770470A4491421A
:10E93C0000F1FF3300D1704710B511F8014B914233
:10E94C0003F8014FF9D110BD38B50546002940D068
:10E95C0051F8043C0C1F002BB8BFE418FFF750FF14
:10E96C001C4A136833B9636014602846BDE838400C
:10E97C00FFF74CBFA34208D9206821188B4201BF76
:10E98C0019685B6809182160EDE71A465B680BB1E2
:10E99C00A342FAD911685018A0420BD12068014447
:10E9AC00501883421160E0D118685B68084410600D
:10E9BC005360DAE702D90C232B60D6E720682118C4
:10E9CC008B4201BF19685B68091821606360546051
:10E9DC00CBE738BDA80700202DE9F0471F468E680D
:10E9EC008246BE420C469046334653D8B1F90C00D1
:10E9FC0010F4906F2BD065692368096905EB450508
:10EA0C00A3EB010905EBD5757B1C6D104B44AB4298
:10EA1C002A4684BF1D462A46430527D51146504633
:10EA2C00FFF76EFE064658B34A462169FFF77EFF94
:10EA3C00A38923F4906343F08003A38126614E44A1
:10EA4C0026603B463E466561A5EB0905A5601F4661
:10EA5C003A464146206800F0AFFA0020A3689B1BA1
:10EA6C00A36023683B442360BDE8F087504600F068
:10EA7C00CAFA06460028E1D150462169FFF764FF27
:10EA8C000C23CAF80030A3894FF0FF3043F0400349
:10EA9C00A381E9E73E46DBE72DE9F0471F468B896A
:10EAAC0006461B060D4614469CB010D50B6973B96F
:10EABC004021FFF725FE2860286130B90C23336014
:10EACC004FF0FF301CB0BDE8F08740236B61002392
:10EADC00099320238DF8293030234FF00108039738
:10EAEC00644F8DF82A302346994613F8012B0AB14E
:10EAFC00252AF9D1B9EB040A0BD0534622462946F4
:10EB0C003046FFF769FF013000F0A480099A5244A7
:10EB1C00099299F80030002B00F09C8000234FF0F4
:10EB2C00FF32CDE9052309F10109049307938DF810
:10EB3C0053301A934C46052214F8011B4D4800F033
:10EB4C0054FA049BD0B9D80644BF20228DF8532028
:10EB5C00190744BF2B228DF8532099F800202A2A3C
:10EB6C0013D04C4600204FF00A0C079A214611F89E
:10EB7C00013B303B092B49D968B913E0C01B08FA9B
:10EB8C0000F01843A1460490D4E7039A111D1268B3
:10EB9C000391002A01DB079204E0524243F0020386
:10EBAC000792049323782E2B0AD163782A2B32D127
:10EBBC00039B02341A1D1B68039243EAE37305930B
:10EBCC00DFF8B49003224846217800F00EFA38B1F1
:10EBDC004022049BA0EB09008240134301340493B0
:10EBEC0014F8011B062225488DF8281000F0FDF9B9
:10EBFC00002835D0224818BB039B073323F00703AA
:10EC0C0008330393099B034409936CE70C460120DA
:10EC1C000CFB0232AAE700234FF00A0C1946013410
:10EC2C000593204610F8012B303A092A03D9002B02
:10EC3C00C6D00591C4E7044601230CFB0121F0E783
:10EC4C0003AB00932A4630460E4B04A9AFF3008069
:10EC5C00421CD7D1AB895B063FF532AF099831E73F
:10EC6C0003AB00932A463046064B04A900F07EF80D
:10EC7C00EEE700BF5AF5000860F5000864F50008DF
:10EC8C0000000000E5E900082DE9F047164698461B
:10EC9C008A680B6907469342B8BF1346336091F8F4
:10ECAC0043200C46DDF820900AB101333360236811
:10ECBC00990642BF336802333360256815F00605A8
:10ECCC0006D104F1190AE36832689B1AAB422BDCBB
:10ECDC0094F843302268003B18BF0123920630D4CD
:10ECEC004146384604F14302C847013023D023681B
:10ECFC00226903F00603042B14BF002533684FF080
:10ED0C00000608BFE56804F11A0408BFED1A54F8B0
:10ED1C00123C08BF25EAE5759342C4BF9B1AED1857
:10ED2C00B5421AD1002008E001235246414638462C
:10ED3C00C847013003D14FF0FF30BDE8F0870135F3
:10ED4C00C1E73020E11881F843005A1C94F84510B3
:10ED5C002244023382F84310C2E701232246414683
:10ED6C003846C8470130E6D00136D9E72DE9F043E3
:10ED7C000D7E85B0782D904607460C4699460C9E24
:10ED8C0001F1430207D8622D0AD8002D00F0D7807C
:10ED9C00582D00F0BC8004F1420684F842503BE050
:10EDAC00A5F16303152BF6D801A151F823F000BF90
:10EDBC0015EE000829EE0008A3ED0008A3ED0008ED
:10EDCC00A3ED0008A3ED000829EE0008A3ED000850
:10EDDC00A3ED0008A3ED0008A3ED000831EF000837
:10EDEC0053EE0008E3EE0008A3ED0008A3ED0008C5
:10EDFC0053EF0008A3ED000853EE0008A3ED000844
:10EE0C00A3ED0008EBEE000833681A1D1B68326096
:10EE1C0004F1420684F842300123A1E033682068F3
:10EE2C00191D3160060601D51D6803E04506FBD5AA
:10EE3C00B3F90050002D03DA2D236D4284F84330D2
:10EE4C000A235B4811E021683368080653F8045B19
:10EE5C0002D4490648BFADB23360237E54486F2BB1
:10EE6C005CD10823002184F843106668002EA6604C
:10EE7C0005DB21682E4321F00401216050D0164699
:10EE8C00B5FBF3F103FB115C10F80CC006F801CDD7
:10EE9C00AC4663450D46F3D9082B0BD12368DB0731
:10EEAC0008D5236961689942DEBF302306F8013C1E
:10EEBC0006F1FF36921B2261434621463846CDF8B7
:10EECC00009003AAFFF7E0FE01304ED14FF0FF3067
:10EEDC0005B0BDE8F083236843F020032360782558
:10EEEC00344884F845502368316813F0800F51F88A
:10EEFC00045B03D113F0400F18BFADB23160D907DA
:10EF0C0044BF43F0200323601DB11023AAE7284817
:10EF1C00E7E7236823F020032360F6E70A23A1E741
:10EF2C001646B9E733682568181D616930602E06EE
:10EF3C001B6801D5196002E06806FBD51980002317
:10EF4C0016462361B8E7336800211A1D32601E682B
:10EF5C006268304600F049F808B1801B6060636855
:10EF6C002361002384F84330A6E7324641463846F5
:10EF7C002369C8470130A9D023689B0713D4E068E4
:10EF8C00039B9842B8BF1846A2E70123324641467C
:10EF9C003846C847013099D00135E36803995B1AAC
:10EFAC00AB42F2DCEBE7002504F11906F5E700BFF4
:10EFBC006BF500087CF50008884210B501EB0204E3
:10EFCC0002D98442234607D8431EA14207D011F828
:10EFDC00012B03F8012FF8E70244824200D110BD47
:10EFEC0013F8011D02F8011DF7E7034610B5C9B26D
:10EFFC0002449342184601D1002003E00478013307
:10F00C008C42F6D110BD2DE9F041074614460D4651
:10F01C0021B91146BDE8F041FFF772BB2AB9FFF7E1
:10F02C0093FC25462846BDE8F08100F01AF884428E
:10F03C00064602D8B4EB500FF4D821463846FFF7F9
:10F04C005FFB804608B94546ECE7B44222462946A8
:10F05C0028BF3246FFF76AFC29463846FFF774FC96
:10F06C00F1E751F8043C181F002BBCBF0B58C0181B
:10F07C0070470000F8B500BFF8BC08BC9E4670474E
:0CF08C00F8B500BFF8BC08BC9E467047F9
:10F09800C80004014A019001C8002C019001F40144
:10F0A80046008A02C800CF074D61696E204D656E23
:10F0B800750000004465766963650000756E6974C3
:10F0C8007300000062757A7A65720000656E636F7E
:10F0D8006465720074656D702E207374657000002D
:10F0E8006272696768746E65737300004175746F46
:10F0F80020636865636B00006661737420636869E8
:10F108006C6C000066616E20766F6C7461676500D8
:10F1180063616C69627261746500000074756E6584
:10F12800205049440000000061626F7574000000BF
:10F138007175697400000000736176650000000055
:10F14800000000004F4E20004F4646006377000045
:10F158006363770053656C656374204465766963FF
:10F168006500000054756E65205049440000000099
:10F17800486F742047756E00547765657A657273B9
:10F1880000000000536176653F0000005965730078
:10F198004E6F00004661696C656400004F4B0000CB
:10F1A8004572726F72000000454550524F4D2072F3
:10F1B80065616400446576696365206572726F7283
:10F1C800000000004E6F7420636F6E6E6563746597
:10F1D8006400000057726F6E6720636F6E6E656320
:10F1E80074696F6E00000000535049206572726F99
:10F1F8007200000044617461207265616420666178
:10F20800696C000053656E736F72206661696C6586
:10F2180064000000436865636B696E672E2E2E00DC
:10F2280043616C69622E00004B7000004B6900005E
:10F238004B640000B0F00008BCF00008C4F00008FF
:10F24800CCF00008D4F00008DCF00008E8F0000872
:10F25800F4F0000800F100080CF1000818F10008AB
:10F2680024F1000830F1000838F1000840F10008E6
:10F2780048F100084CF1000850F1000854F100086A
:10F2880058F100085CF100086CF1000878F10008FA
:10F2980080F100088CF1000894F1000898F100084A
:10F2A8009CF10008A4F10008A8F10008B0F10008DA
:10F2B800BCF10008CCF10008DCF10008F0F100080E
:10F2C800FCF100080CF200081CF2000828F2000803
:10F2D80030F2000834F2000838F200087C2F2D06BE
:10F2E80006090906000000000000080B04040800D5
:10F2F80003060C1F060C0810040A0A0E0E1F1F0E28
:10F30800041515110E000000000010080402010089
:10F31800000000040A0A111F543D0000443D00008B
:10F32800203D2000205B00006D7300004374726C68
:10F3380020762E00312E30300000000053657020FA
:10F348003232203230323600253364256300000023
:10F358000000000000000000ED1C0008FF1C000871
:10F36800131D0008251D0008451D000800000000A9
:10F378000000000000000000000000000000000085
:10F388000000000000000000000000000000000075
:10F398000000000000000000000000000000000065
:10F3A8000000000000000000000000000000000055
:10F3B800000000005D1800087D180008000000002B
:10F3C80000000000B51B0008D91B0008874500088D
:10F3D80009450008AD4800083F450008E545000814
:10F3E800554500084D47000815460008C745000860
:10F3F800A9450008D14B00086F450008000000002F
:10F40800000000009B7D00085D7E0008131D0008B9
:10F41800A1270008C5270008000000000000000020
:10F42800D17C0008257D0008131D00081927000855
:10F438003D2700080000000000000000437B000892
:10F44800857B0008131D00085D2700088127000838
:10F45800000000000000000011760008CF760008C8
:10F46800131D0008E527000809280008000000000F
:10F47800000000002D6C0008256E0008131D000810
:10F48800292800084D28000800000000000000009E
:10F4980055650008756600080D6C0008D52600083B
:10F4A800F92600080000000000000000C5620008FE
:10F4B80031630008131D00086D2800089128000812
:10F4C8000000000000000000975C0008A95D00082B
:10F4D800A5620008B1280008D5280008000000002F
:10F4E80000000000010203040607080900000000EC
:10F4F800010203040000000000000000711B000866
:10F50800951B0008F78D00083F8D0008C98E00087C
:10F518006F8D0008758F0008858D000839900008E8
:10F52800E98F0008A38D0008C18D0008A990000884
:10F53800DF8D0008901AB400C201780026029001FD
:10F5480002030405060708090A0B0C0D0E0F10101C
:10F558000102232D302B2000686C4C00656667453E
:10F568004647003031323334353637383941424333
:10F5780044454600303132333435363738396162E4
:08F588006364656600000000E9
:08F59000BC0BFF7F010000002D
:08F59800310100088D29000873
:08F5A0000D0100089729000885
:10F5A8005804002000127A0010000000010000003A
:10F5B8001400002000000000AC0700201408002000
:10F5C8007C0800200000000000000000000000008F
:10F5D8000000000000000000000000000000000023
:10F5E8000000000000000000000000000000000013
:10F5F8000000000000000000000000000000000003
:04000005080093312B
:00000001FF
